"Kantons_Nr","Gemeinde_Nr","Ja_Stimmen_In_Prozent","Ja_Stimmen_Absolut","Nein_Stimmen_Absolut","Stimmbeteiligung_In_Prozent","Eingelegte_Stimmzettel","Anzahl_Stimmberechtigte","Gueltige_Stimmen","Gebiet_Ausgezaehlt","Kanton_Short","Gemeinde_d","Gemeinde_f","Gemeinde_i","Gemeinde_KT_d","Gemeinde_KT_f","Gemeinde_KT_i","Kanton_d","Kanton_f","Kanton_i","Ja_Stimmen_In_Prozent_Kanton","Highest_Yes_Kant","Highest_No_Kant","Ja_Nein","Oui_Non","Unentschieden","Einstimmig_Ja","Einstimmig_Nein","kleine_Gemeinde","Storyboard","Text_d","Text_f","Text_i","Nein_Stimmen_In_Prozent","Gemeinde_color"
21,5001,4.76632621479418,154,3077,,,,3231,TRUE,"TI","Arbedo-Castione","Arbedo-Castione","Arbedo-Castione","Arbedo-Castione TI","Arbedo-Castione (TI)","Arbedo-Castione TI","Tessin","Tessin","Ticino",21.0740728536621,FALSE,FALSE,"Nein","non",FALSE,FALSE,FALSE,,"Intro_Nein;KantonPhrase_Nein_Nein","In Arbedo-Castione das Freihandelsabkommen mit Indonesien keine Mehrheit gefunden: 95,2 Prozent haben es abgelehnt. Arbedo-Castione hat damit gleich wie der Kanton Tessin Nein gesagt zu dieser Vorlage.","L'accord de libre-échange avec l'Indonésie échoue à Arbedo-Castione avec 95,2 pour cent de non. Arbedo-Castione a rejeté la loi, tout comme son canton.","A Arbedo-Castione i cittadini hanno bocciato, con il 95,2 percento dei voti, l'accordo di libero scambio con l'Indonesia. Arbedo-Castione ha bocciato l'accordo, proprio come il suo cantone.",95.2336737852058,4.76632621479418
21,5002,37.012987012987,2337,3977,,,,6314,TRUE,"TI","Bellinzona","Bellinzone","Bellinzona","Bellinzona TI","Bellinzone (TI)","Bellinzona TI","Tessin","Tessin","Ticino",21.0740728536621,FALSE,FALSE,"Nein","non",FALSE,FALSE,FALSE,,"Intro_Nein;KantonPhrase_Nein_Nein","Nein zum Freihandelsabkommen mit Indonesien: Bellinzona hat den Bundesbeschluss mit 63 Prozent Nein-Stimmen verworfen. Bellinzona hat damit gleich wie der Kanton Tessin Nein gesagt zu dieser Vorlage.","L'accord de libre-échange avec l'Indonésie ne passe pas la rampe à Bellinzone avec 63 pour cent de non. Bellinzone a rejeté la loi, tout comme son canton.","Da Bellinzona è arrivato un ""no"" alle urne per il partenariato economico globale con l'Indonesia. I cittadini hanno respinto il testo con il 63 percento dei voti. Bellinzona ha bocciato l'accordo, proprio come il suo cantone.",62.987012987013,37.012987012987
21,5003,74.8760330578512,9513,3192,,,,12705,TRUE,"TI","Cadenazzo","Cadenazzo","Cadenazzo","Cadenazzo TI","Cadenazzo (TI)","Cadenazzo TI","Tessin","Tessin","Ticino",21.0740728536621,FALSE,FALSE,"Ja","oui",FALSE,FALSE,FALSE,,"Intro_Ja;KantonPhrase_Ja_Nein","74,9 Prozent der Stimmbürgerinnen und Stimmbürger von Cadenazzo haben für das Freihandelsabkommen mit Indonesien gestimmt. Cadenazzo hat damit anders abgestimmt als der Kanton Tessin, der die Vorlage abgelehnt hat.","A Cadenazzo, les habitants disent oui à 74,9 pour cent à l'accord de libre-échange avec l'Indonésie. Cadenazzo a approuvé la loi, contrairement à son canton.","Nel comune di Cadenazzo l'accordo di libero scambio con l'Indonesia è stato approvato con il 74,9 percento dei voti. Cadenazzo, al contrario del suo cantone, ha approvato l'accordo.",25.1239669421488,74.8760330578512
21,5009,62.3331328923632,5183,3132,,,,8315,TRUE,"TI","Isone","Isone","Isone","Isone TI","Isone (TI)","Isone TI","Tessin","Tessin","Ticino",21.0740728536621,FALSE,FALSE,"Ja","oui",FALSE,FALSE,FALSE,,"Intro_Ja;KantonPhrase_Ja_Nein","Mit 62,3 Prozent Ja hat sich Isone für das Freihandelsabkommen mit Indonesien ausgesprochen. Isone hat damit anders abgestimmt als der Kanton Tessin, der die Vorlage abgelehnt hat.","Les habitants d'Isone approuvent l'accord de libre-échange avec l'Indonésie avec 62,3 pour cent de oui. Isone a approuvé la loi, contrairement à son canton.","Sì all'accordo di libero scambio con l'Indonesia nel comune di Isone: i cittadini hanno approvato il testo con il 62,3 percento dei voti. Isone, al contrario del suo cantone, ha approvato l'accordo.",37.6668671076368,62.3331328923632
21,5010,78.4280796036611,9340,2569,,,,11909,TRUE,"TI","Lumino","Lumino","Lumino","Lumino TI","Lumino (TI)","Lumino TI","Tessin","Tessin","Ticino",21.0740728536621,FALSE,FALSE,"Ja","oui",FALSE,FALSE,FALSE,,"Intro_Ja;KantonPhrase_Ja_Nein","Lumino hat mit 78,4 Prozent Ja gesagt zum Freihandelsabkommen mit Indonesien. Lumino hat damit anders abgestimmt als der Kanton Tessin, der die Vorlage abgelehnt hat.","Les habitants de Lumino acceptent l'accord de libre-échange avec l'Indonésie avec 78,4 pour cent de oui. Lumino a approuvé la loi, contrairement à son canton.","Nel comune di Lumino l'accordo di libero scambio con l'Indonesia è stato accetato con il 78,4 percento dei voti. Lumino, al contrario del suo cantone, ha approvato l'accordo.",21.5719203963389,78.4280796036611
21,5017,92.2460963565995,6912,581,,,,7493,TRUE,"TI","Sant'Antonino","Sant'Antonino","Sant'Antonino","Sant'Antonino TI","Sant'Antonino (TI)","Sant'Antonino TI","Tessin","Tessin","Ticino",21.0740728536621,FALSE,FALSE,"Ja","oui",FALSE,FALSE,FALSE,,"Intro_Ja;KantonPhrase_Ja_Nein","Sant'Antonino hat mit 92,2 Prozent Ja gesagt zum Freihandelsabkommen mit Indonesien. Sant'Antonino hat damit anders abgestimmt als der Kanton Tessin, der die Vorlage abgelehnt hat.","Les habitants de Sant'Antonino acceptent l'accord de libre-échange avec l'Indonésie avec 92,2 pour cent de oui. Sant'Antonino a approuvé la loi, contrairement à son canton.","Nel comune di Sant'Antonino l'accordo di libero scambio con l'Indonesia è stato accetato con il 92,2 percento dei voti. Sant'Antonino, al contrario del suo cantone, ha approvato l'accordo.",7.75390364340051,92.2460963565995
21,5048,22.4663762076151,1186,4093,,,,5279,TRUE,"TI","Acquarossa","Acquarossa","Acquarossa","Acquarossa TI","Acquarossa (TI)","Acquarossa TI","Tessin","Tessin","Ticino",21.0740728536621,FALSE,FALSE,"Nein","non",FALSE,FALSE,FALSE,,"Intro_Nein;KantonPhrase_Nein_Nein","In Acquarossa das Freihandelsabkommen mit Indonesien keine Mehrheit gefunden: 77,5 Prozent haben es abgelehnt. Acquarossa hat damit gleich wie der Kanton Tessin Nein gesagt zu dieser Vorlage.","L'accord de libre-échange avec l'Indonésie échoue à Acquarossa avec 77,5 pour cent de non. Acquarossa a rejeté la loi, tout comme son canton.","A Acquarossa i cittadini hanno bocciato, con il 77,5 percento dei voti, l'accordo di libero scambio con l'Indonesia. Acquarossa ha bocciato l'accordo, proprio come il suo cantone.",77.5336237923849,22.4663762076151
21,5049,68.8150520416333,8595,3895,,,,12490,TRUE,"TI","Blenio","Blenio","Blenio","Blenio TI","Blenio (TI)","Blenio TI","Tessin","Tessin","Ticino",21.0740728536621,FALSE,FALSE,"Ja","oui",FALSE,FALSE,FALSE,,"Intro_Ja;KantonPhrase_Ja_Nein","Ja zum Freihandelsabkommen mit Indonesien: Blenio hat den Bundesbeschluss mit 68,8 Prozent der Stimmen angenommen. Blenio hat damit anders abgestimmt als der Kanton Tessin, der die Vorlage abgelehnt hat.","Les électeurs de Blenio valident l'accord de libre-échange avec l'Indonésie avec 68,8 pour cent de oui. Blenio a approuvé la loi, contrairement à son canton.","A Blenio i cittadini hanno accolto, con il 68,8 percento dei voti, l'accordo di libero scambio con l'Indonesia. Blenio, al contrario del suo cantone, ha approvato l'accordo.",31.1849479583667,68.8150520416333
21,5050,82.9672919219531,8802,1807,,,,10609,TRUE,"TI","Serravalle","Serravalle","Serravalle","Serravalle TI","Serravalle (TI)","Serravalle TI","Tessin","Tessin","Ticino",21.0740728536621,FALSE,FALSE,"Ja","oui",FALSE,FALSE,FALSE,,"Intro_Ja;KantonPhrase_Ja_Nein","Serravalle hat mit 83 Prozent Ja gesagt zum Freihandelsabkommen mit Indonesien. Serravalle hat damit anders abgestimmt als der Kanton Tessin, der die Vorlage abgelehnt hat.","Les habitants de Serravalle acceptent l'accord de libre-échange avec l'Indonésie avec 83 pour cent de oui. Serravalle a approuvé la loi, contrairement à son canton.","Nel comune di Serravalle l'accordo di libero scambio con l'Indonesia è stato accetato con il 83 percento dei voti. Serravalle, al contrario del suo cantone, ha approvato l'accordo.",17.0327080780469,82.9672919219531
21,5061,42.6238621360573,6134,8257,,,,14391,TRUE,"TI","Airolo","Airolo","Airolo","Airolo TI","Airolo (TI)","Airolo TI","Tessin","Tessin","Ticino",21.0740728536621,FALSE,FALSE,"Nein","non",FALSE,FALSE,FALSE,,"Intro_Nein;KantonPhrase_Nein_Nein","57,4 Prozent Stimmbürgerinnen und Stimmbürger von Airolo haben Nein gesagt zum Freihandelsabkommen mit Indonesien. Airolo hat damit gleich wie der Kanton Tessin Nein gesagt zu dieser Vorlage.","A Airolo, les habitants disent non à 57,4 pour cent à l'accord de libre-échange avec l'Indonésie. Airolo a rejeté la loi, tout comme son canton.","Nel comune di Airolo l'accordo di libero scambio con l'Indonesia è stato bocciato con il 57,4 percento dei voti. Airolo ha bocciato l'accordo, proprio come il suo cantone.",57.3761378639427,42.6238621360573
21,5063,9.98212918049528,391,3526,,,,3917,TRUE,"TI","Bedretto","Bedretto","Bedretto","Bedretto TI","Bedretto (TI)","Bedretto TI","Tessin","Tessin","Ticino",21.0740728536621,FALSE,FALSE,"Nein","non",FALSE,FALSE,FALSE,,"Intro_Nein;KantonPhrase_Nein_Nein","In Bedretto das Freihandelsabkommen mit Indonesien keine Mehrheit gefunden: 90 Prozent haben es abgelehnt. Bedretto hat damit gleich wie der Kanton Tessin Nein gesagt zu dieser Vorlage.","L'accord de libre-échange avec l'Indonésie échoue à Bedretto avec 90 pour cent de non. Bedretto a rejeté la loi, tout comme son canton.","A Bedretto i cittadini hanno bocciato, con il 90 percento dei voti, l'accordo di libero scambio con l'Indonesia. Bedretto ha bocciato l'accordo, proprio come il suo cantone.",90.0178708195047,9.98212918049528
21,5064,22.430641356846,1997,6906,,,,8903,TRUE,"TI","Bodio","Bodio","Bodio","Bodio TI","Bodio (TI)","Bodio TI","Tessin","Tessin","Ticino",21.0740728536621,FALSE,FALSE,"Nein","non",FALSE,FALSE,FALSE,,"Intro_Nein;KantonPhrase_Nein_Nein","77,6 Prozent Stimmbürgerinnen und Stimmbürger von Bodio haben Nein gesagt zum Freihandelsabkommen mit Indonesien. Bodio hat damit gleich wie der Kanton Tessin Nein gesagt zu dieser Vorlage.","A Bodio, les habitants disent non à 77,6 pour cent à l'accord de libre-échange avec l'Indonésie. Bodio a rejeté la loi, tout comme son canton.","Nel comune di Bodio l'accordo di libero scambio con l'Indonesia è stato bocciato con il 77,6 percento dei voti. Bodio ha bocciato l'accordo, proprio come il suo cantone.",77.569358643154,22.430641356846
21,5071,71.2235707197924,9331,3770,,,,13101,TRUE,"TI","Dalpe","Dalpe","Dalpe","Dalpe TI","Dalpe (TI)","Dalpe TI","Tessin","Tessin","Ticino",21.0740728536621,FALSE,FALSE,"Ja","oui",FALSE,FALSE,FALSE,,"Intro_Ja;KantonPhrase_Ja_Nein","Dalpe hat mit 71,2 Prozent Ja gesagt zum Freihandelsabkommen mit Indonesien. Dalpe hat damit anders abgestimmt als der Kanton Tessin, der die Vorlage abgelehnt hat.","Les habitants de Dalpe acceptent l'accord de libre-échange avec l'Indonésie avec 71,2 pour cent de oui. Dalpe a approuvé la loi, contrairement à son canton.","Nel comune di Dalpe l'accordo di libero scambio con l'Indonesia è stato accetato con il 71,2 percento dei voti. Dalpe, al contrario del suo cantone, ha approvato l'accordo.",28.7764292802076,71.2235707197924
21,5072,17.6281191306681,1971,9210,,,,11181,TRUE,"TI","Faido","Faido","Faido","Faido TI","Faido (TI)","Faido TI","Tessin","Tessin","Ticino",21.0740728536621,FALSE,FALSE,"Nein","non",FALSE,FALSE,FALSE,,"Intro_Nein;KantonPhrase_Nein_Nein","Die Gemeinde Faido ist gegen das Freihandelsabkommen mit Indonesien: Sie hat den Bundesbeschluss mit 82,4 Prozent Nein verworfen. Faido hat damit gleich wie der Kanton Tessin Nein gesagt zu dieser Vorlage.","Les habitants de Faido rejettent l'accord de libre-échange avec l'Indonésie avec 82,4 pour cent de non. Faido a rejeté la loi, tout comme son canton.","Nel comune di Faido l'accordo di libero scambio con l'Indonesia è stato bocciato con il 82,4 percento dei voti. Faido ha bocciato l'accordo, proprio come il suo cantone.",82.3718808693319,17.6281191306681
21,5073,96.4718853362734,9625,352,,,,9977,TRUE,"TI","Giornico","Giornico","Giornico","Giornico TI","Giornico (TI)","Giornico TI","Tessin","Tessin","Ticino",21.0740728536621,FALSE,FALSE,"Ja","oui",FALSE,FALSE,FALSE,,"Intro_Ja;KantonPhrase_Ja_Nein","Giornico hat dem Freihandelsabkommen mit Indonesien zugestimmt und zwar mit 9'625 Ja zu 352 Nein. Das entspricht einem Ja-Stimmen-Anteil von 96,5 Prozent. Giornico hat damit anders abgestimmt als der Kanton Tessin, der die Vorlage abgelehnt hat.","L'accord de libre-échange avec l'Indonésie passe la rampe à Giornico avec 96,5 pour cent de oui. Giornico a approuvé la loi, contrairement à son canton.","Da Giornico è arrivato un ""sì"" alle urne per il partenariato economico globale con l'Indonesia. I cittadini hanno accolto il testo con il 96,5 percento dei voti. Giornico, al contrario del suo cantone, ha approvato l'accordo.",3.52811466372657,96.4718853362734
21,5076,16.2005277044855,921,4764,,,,5685,TRUE,"TI","Personico","Personico","Personico","Personico TI","Personico (TI)","Personico TI","Tessin","Tessin","Ticino",21.0740728536621,FALSE,FALSE,"Nein","non",FALSE,FALSE,FALSE,,"Intro_Nein;KantonPhrase_Nein_Nein","Das Freihandelsabkommen mit Indonesien ist in Personico mit 83,8 Prozent abgelehnt worden. Personico hat damit gleich wie der Kanton Tessin Nein gesagt zu dieser Vorlage.","C'est non à 83,8 pour cent à l'accord de libre-échange avec l'Indonésie à Personico. Personico a rejeté la loi, tout comme son canton.","Con il 83,8 percento di ""no"", i cittadini del comune di Personico hanno bocciato il partenariato economico globale con l'Indonesia. Personico ha bocciato l'accordo, proprio come il suo cantone.",83.7994722955145,16.2005277044855
21,5077,50.590966652596,7191,7023,,,,14214,TRUE,"TI","Pollegio","Pollegio","Pollegio","Pollegio TI","Pollegio (TI)","Pollegio TI","Tessin","Tessin","Ticino",21.0740728536621,FALSE,FALSE,"Ja","oui",FALSE,FALSE,FALSE,,"Intro_Ja;KantonPhrase_Ja_Nein","Das Freihandelsabkommen mit Indonesien ist in Pollegio mit 7'191 Ja zu 7'023 Nein angenommen worden. Das entspricht 50,6 Prozent der Stimmen. Pollegio hat damit anders abgestimmt als der Kanton Tessin, der die Vorlage abgelehnt hat.","A Pollegio, les habitants sont favorables à l'accord de libre-échange avec l'Indonésie avec 50,6 pour cent de oui. Pollegio a approuvé la loi, contrairement à son canton.","I cittadini di Pollegio si sono espressi a favore dell'accordo di libero scambio con l'Indonesia. Il testo è stato approvato con il 50,6 percento dei voti. Pollegio, al contrario del suo cantone, ha approvato l'accordo.",49.409033347404,50.590966652596
21,5078,66.5529495380242,4682,2353,,,,7035,TRUE,"TI","Prato (Leventina)","Prato (Leventina)","Prato (Leventina)","Prato (Leventina) TI","Prato (Leventina) (TI)","Prato (Leventina) TI","Tessin","Tessin","Ticino",21.0740728536621,FALSE,FALSE,"Ja","oui",FALSE,FALSE,FALSE,,"Intro_Ja;KantonPhrase_Ja_Nein","66,6 Prozent der Stimmbürgerinnen und Stimmbürger von Prato (Leventina) haben für das Freihandelsabkommen mit Indonesien gestimmt. Prato (Leventina) hat damit anders abgestimmt als der Kanton Tessin, der die Vorlage abgelehnt hat.","A Prato (Leventina), les habitants disent oui à 66,6 pour cent à l'accord de libre-échange avec l'Indonésie. Prato (Leventina) a approuvé la loi, contrairement à son canton.","Nel comune di Prato (Leventina) l'accordo di libero scambio con l'Indonesia è stato approvato con il 66,6 percento dei voti. Prato (Leventina), al contrario del suo cantone, ha approvato l'accordo.",33.4470504619758,66.5529495380242
21,5079,24.1513968158606,1608,5050,,,,6658,TRUE,"TI","Quinto","Quinto","Quinto","Quinto TI","Quinto (TI)","Quinto TI","Tessin","Tessin","Ticino",21.0740728536621,FALSE,FALSE,"Nein","non",FALSE,FALSE,FALSE,,"Intro_Nein;KantonPhrase_Nein_Nein","Das Freihandelsabkommen mit Indonesien ist in Quinto mit 75,8 Prozent abgelehnt worden. Quinto hat damit gleich wie der Kanton Tessin Nein gesagt zu dieser Vorlage.","C'est non à 75,8 pour cent à l'accord de libre-échange avec l'Indonésie à Quinto. Quinto a rejeté la loi, tout comme son canton.","Con il 75,8 percento di ""no"", i cittadini del comune di Quinto hanno bocciato il partenariato economico globale con l'Indonesia. Quinto ha bocciato l'accordo, proprio come il suo cantone.",75.8486031841394,24.1513968158606
21,5091,51.0260019260686,6888,6611,,,,13499,TRUE,"TI","Ascona","Ascona","Ascona","Ascona TI","Ascona (TI)","Ascona TI","Tessin","Tessin","Ticino",21.0740728536621,FALSE,FALSE,"Ja","oui",FALSE,FALSE,FALSE,,"Intro_Ja;KantonPhrase_Ja_Nein","Ascona hat dem Freihandelsabkommen mit Indonesien zugestimmt und zwar mit 6'888 Ja zu 6'611 Nein. Das entspricht einem Ja-Stimmen-Anteil von 51 Prozent. Ascona hat damit anders abgestimmt als der Kanton Tessin, der die Vorlage abgelehnt hat.","L'accord de libre-échange avec l'Indonésie passe la rampe à Ascona avec 51 pour cent de oui. Ascona a approuvé la loi, contrairement à son canton.","Da Ascona è arrivato un ""sì"" alle urne per il partenariato economico globale con l'Indonesia. I cittadini hanno accolto il testo con il 51 percento dei voti. Ascona, al contrario del suo cantone, ha approvato l'accordo.",48.9739980739314,51.0260019260686
21,5096,48.556098149153,8054,8533,,,,16587,TRUE,"TI","Brione sopra Minusio","Brione sopra Minusio","Brione sopra Minusio","Brione sopra Minusio TI","Brione sopra Minusio (TI)","Brione sopra Minusio TI","Tessin","Tessin","Ticino",21.0740728536621,FALSE,FALSE,"Nein","non",FALSE,FALSE,FALSE,,"Intro_Nein;KantonPhrase_Nein_Nein","51,4 Prozent der Stimmbürgerinnen und Stimmbürger von Brione sopra Minusio haben das Freihandelsabkommen mit Indonesien abgelehnt. Brione sopra Minusio hat damit gleich wie der Kanton Tessin Nein gesagt zu dieser Vorlage.","Les habitants de Brione sopra Minusio s'opposent à l'accord de libre-échange avec l'Indonésie avec 51,4 pour cent de non. Brione sopra Minusio a rejeté la loi, tout comme son canton.","No all'accordo di libero scambio con l'Indonesia nel comune di Brione sopra Minusio: i cittadini hanno respinto il testo con il 51,4 percento dei voti. Brione sopra Minusio ha bocciato l'accordo, proprio come il suo cantone.",51.443901850847,48.556098149153
21,5097,66.1786237188873,1356,693,,,,2049,TRUE,"TI","Brissago","Brissago","Brissago","Brissago TI","Brissago (TI)","Brissago TI","Tessin","Tessin","Ticino",21.0740728536621,FALSE,FALSE,"Ja","oui",FALSE,FALSE,FALSE,,"Intro_Ja;KantonPhrase_Ja_Nein","Ja zum Freihandelsabkommen mit Indonesien: Brissago hat den Bundesbeschluss mit 66,2 Prozent der Stimmen angenommen. Brissago hat damit anders abgestimmt als der Kanton Tessin, der die Vorlage abgelehnt hat.","Les électeurs de Brissago valident l'accord de libre-échange avec l'Indonésie avec 66,2 pour cent de oui. Brissago a approuvé la loi, contrairement à son canton.","A Brissago i cittadini hanno accolto, con il 66,2 percento dei voti, l'accordo di libero scambio con l'Indonesia. Brissago, al contrario del suo cantone, ha approvato l'accordo.",33.8213762811127,66.1786237188873
21,5108,45.0396938717231,7886,9623,,,,17509,TRUE,"TI","Gordola","Gordola","Gordola","Gordola TI","Gordola (TI)","Gordola TI","Tessin","Tessin","Ticino",21.0740728536621,FALSE,FALSE,"Nein","non",FALSE,FALSE,FALSE,,"Intro_Nein;KantonPhrase_Nein_Nein","Die Gemeinde Gordola ist gegen das Freihandelsabkommen mit Indonesien: Sie hat den Bundesbeschluss mit 55 Prozent Nein verworfen. Gordola hat damit gleich wie der Kanton Tessin Nein gesagt zu dieser Vorlage.","Les habitants de Gordola rejettent l'accord de libre-échange avec l'Indonésie avec 55 pour cent de non. Gordola a rejeté la loi, tout comme son canton.","Nel comune di Gordola l'accordo di libero scambio con l'Indonesia è stato bocciato con il 55 percento dei voti. Gordola ha bocciato l'accordo, proprio come il suo cantone.",54.9603061282769,45.0396938717231
21,5112,63.7682542712609,6681,3796,,,,10477,TRUE,"TI","Lavertezzo","Lavertezzo","Lavertezzo","Lavertezzo TI","Lavertezzo (TI)","Lavertezzo TI","Tessin","Tessin","Ticino",21.0740728536621,FALSE,FALSE,"Ja","oui",FALSE,FALSE,FALSE,,"Intro_Ja;KantonPhrase_Ja_Nein","Mit 63,8 Prozent Ja hat sich Lavertezzo für das Freihandelsabkommen mit Indonesien ausgesprochen. Lavertezzo hat damit anders abgestimmt als der Kanton Tessin, der die Vorlage abgelehnt hat.","Les habitants de Lavertezzo approuvent l'accord de libre-échange avec l'Indonésie avec 63,8 pour cent de oui. Lavertezzo a approuvé la loi, contrairement à son canton.","Sì all'accordo di libero scambio con l'Indonesia nel comune di Lavertezzo: i cittadini hanno approvato il testo con il 63,8 percento dei voti. Lavertezzo, al contrario del suo cantone, ha approvato l'accordo.",36.2317457287391,63.7682542712609
21,5113,23.7247288793681,1772,5697,,,,7469,TRUE,"TI","Locarno","Locarno","Locarno","Locarno TI","Locarno (TI)","Locarno TI","Tessin","Tessin","Ticino",21.0740728536621,FALSE,FALSE,"Nein","non",FALSE,FALSE,FALSE,,"Intro_Nein;KantonPhrase_Nein_Nein","76,3 Prozent der Stimmbürgerinnen und Stimmbürger von Locarno haben das Freihandelsabkommen mit Indonesien abgelehnt. Locarno hat damit gleich wie der Kanton Tessin Nein gesagt zu dieser Vorlage.","Les habitants de Locarno s'opposent à l'accord de libre-échange avec l'Indonésie avec 76,3 pour cent de non. Locarno a rejeté la loi, tout comme son canton.","No all'accordo di libero scambio con l'Indonesia nel comune di Locarno: i cittadini hanno respinto il testo con il 76,3 percento dei voti. Locarno ha bocciato l'accordo, proprio come il suo cantone.",76.2752711206319,23.7247288793681
21,5115,46.7257729644801,8327,9494,,,,17821,TRUE,"TI","Losone","Losone","Losone","Losone TI","Losone (TI)","Losone TI","Tessin","Tessin","Ticino",21.0740728536621,FALSE,FALSE,"Nein","non",FALSE,FALSE,FALSE,,"Intro_Nein;KantonPhrase_Nein_Nein","53,3 Prozent Stimmbürgerinnen und Stimmbürger von Losone haben Nein gesagt zum Freihandelsabkommen mit Indonesien. Losone hat damit gleich wie der Kanton Tessin Nein gesagt zu dieser Vorlage.","A Losone, les habitants disent non à 53,3 pour cent à l'accord de libre-échange avec l'Indonésie. Losone a rejeté la loi, tout comme son canton.","Nel comune di Losone l'accordo di libero scambio con l'Indonesia è stato bocciato con il 53,3 percento dei voti. Losone ha bocciato l'accordo, proprio come il suo cantone.",53.2742270355199,46.7257729644801
21,5117,76.0074539948754,6526,2060,,,,8586,TRUE,"TI","Mergoscia","Mergoscia","Mergoscia","Mergoscia TI","Mergoscia (TI)","Mergoscia TI","Tessin","Tessin","Ticino",21.0740728536621,FALSE,FALSE,"Ja","oui",FALSE,FALSE,FALSE,,"Intro_Ja;KantonPhrase_Ja_Nein","Mergoscia hat mit 76 Prozent Ja gesagt zum Freihandelsabkommen mit Indonesien. Mergoscia hat damit anders abgestimmt als der Kanton Tessin, der die Vorlage abgelehnt hat.","Les habitants de Mergoscia acceptent l'accord de libre-échange avec l'Indonésie avec 76 pour cent de oui. Mergoscia a approuvé la loi, contrairement à son canton.","Nel comune di Mergoscia l'accordo di libero scambio con l'Indonesia è stato accetato con il 76 percento dei voti. Mergoscia, al contrario del suo cantone, ha approvato l'accordo.",23.9925460051246,76.0074539948754
21,5118,90.621133382826,3662,379,,,,4041,TRUE,"TI","Minusio","Minusio","Minusio","Minusio TI","Minusio (TI)","Minusio TI","Tessin","Tessin","Ticino",21.0740728536621,FALSE,FALSE,"Ja","oui",FALSE,FALSE,FALSE,,"Intro_Ja;KantonPhrase_Ja_Nein","Minusio hat dem Freihandelsabkommen mit Indonesien zugestimmt und zwar mit 3'662 Ja zu 379 Nein. Das entspricht einem Ja-Stimmen-Anteil von 90,6 Prozent. Minusio hat damit anders abgestimmt als der Kanton Tessin, der die Vorlage abgelehnt hat.","L'accord de libre-échange avec l'Indonésie passe la rampe à Minusio avec 90,6 pour cent de oui. Minusio a approuvé la loi, contrairement à son canton.","Da Minusio è arrivato un ""sì"" alle urne per il partenariato economico globale con l'Indonesia. I cittadini hanno accolto il testo con il 90,6 percento dei voti. Minusio, al contrario del suo cantone, ha approvato l'accordo.",9.37886661717397,90.621133382826
21,5120,42.2593279736137,2050,2801,,,,4851,TRUE,"TI","Muralto","Muralto","Muralto","Muralto TI","Muralto (TI)","Muralto TI","Tessin","Tessin","Ticino",21.0740728536621,FALSE,FALSE,"Nein","non",FALSE,FALSE,FALSE,,"Intro_Nein;KantonPhrase_Nein_Nein","Mit 2'801 Nein zu 2'050 Ja haben die Stimmbürgerinnen und Stimmbürger von Muralto das Freihandelsabkommen mit Indonesien abgelehnt. Das entspricht 57,7 Prozent. Muralto hat damit gleich wie der Kanton Tessin Nein gesagt zu dieser Vorlage.","A Muralto, les habitants sont défavorables à l'accord de libre-échange avec l'Indonésie avec 57,7 pour cent de non. Muralto a rejeté la loi, tout comme son canton.","I cittadini di Muralto si sono espressi contro l'accordo di libero scambio con l'Indonesia. Il testo è stato respinto con il 57,7 percento dei voti. Muralto ha bocciato l'accordo, proprio come il suo cantone.",57.7406720263863,42.2593279736137
21,5121,40.3733113334021,3915,5782,,,,9697,TRUE,"TI","Orselina","Orselina","Orselina","Orselina TI","Orselina (TI)","Orselina TI","Tessin","Tessin","Ticino",21.0740728536621,FALSE,FALSE,"Nein","non",FALSE,FALSE,FALSE,,"Intro_Nein;KantonPhrase_Nein_Nein","59,6 Prozent Stimmbürgerinnen und Stimmbürger von Orselina haben Nein gesagt zum Freihandelsabkommen mit Indonesien. Orselina hat damit gleich wie der Kanton Tessin Nein gesagt zu dieser Vorlage.","A Orselina, les habitants disent non à 59,6 pour cent à l'accord de libre-échange avec l'Indonésie. Orselina a rejeté la loi, tout comme son canton.","Nel comune di Orselina l'accordo di libero scambio con l'Indonesia è stato bocciato con il 59,6 percento dei voti. Orselina ha bocciato l'accordo, proprio come il suo cantone.",59.6266886665979,40.3733113334021
21,5125,82.7719055615924,8379,1744,,,,10123,TRUE,"TI","Ronco sopra Ascona","Ronco sopra Ascona","Ronco sopra Ascona","Ronco sopra Ascona TI","Ronco sopra Ascona (TI)","Ronco sopra Ascona TI","Tessin","Tessin","Ticino",21.0740728536621,FALSE,FALSE,"Ja","oui",FALSE,FALSE,FALSE,,"Intro_Ja;KantonPhrase_Ja_Nein","82,8 Prozent der Stimmbürgerinnen und Stimmbürger von Ronco sopra Ascona haben für das Freihandelsabkommen mit Indonesien gestimmt. Ronco sopra Ascona hat damit anders abgestimmt als der Kanton Tessin, der die Vorlage abgelehnt hat.","A Ronco sopra Ascona, les habitants disent oui à 82,8 pour cent à l'accord de libre-échange avec l'Indonésie. Ronco sopra Ascona a approuvé la loi, contrairement à son canton.","Nel comune di Ronco sopra Ascona l'accordo di libero scambio con l'Indonesia è stato approvato con il 82,8 percento dei voti. Ronco sopra Ascona, al contrario del suo cantone, ha approvato l'accordo.",17.2280944384076,82.7719055615924
21,5131,40.7696873763356,4121,5987,,,,10108,TRUE,"TI","Tenero-Contra","Tenero-Contra","Tenero-Contra","Tenero-Contra TI","Tenero-Contra (TI)","Tenero-Contra TI","Tessin","Tessin","Ticino",21.0740728536621,FALSE,FALSE,"Nein","non",FALSE,FALSE,FALSE,,"Intro_Nein;KantonPhrase_Nein_Nein","Das Freihandelsabkommen mit Indonesien ist in Tenero-Contra mit 59,2 Prozent abgelehnt worden. Tenero-Contra hat damit gleich wie der Kanton Tessin Nein gesagt zu dieser Vorlage.","C'est non à 59,2 pour cent à l'accord de libre-échange avec l'Indonésie à Tenero-Contra. Tenero-Contra a rejeté la loi, tout comme son canton.","Con il 59,2 percento di ""no"", i cittadini del comune di Tenero-Contra hanno bocciato il partenariato economico globale con l'Indonesia. Tenero-Contra ha bocciato l'accordo, proprio come il suo cantone.",59.2303126236644,40.7696873763356
21,5136,45.635832763869,7346,8751,,,,16097,TRUE,"TI","Onsernone","Onsernone","Onsernone","Onsernone TI","Onsernone (TI)","Onsernone TI","Tessin","Tessin","Ticino",21.0740728536621,FALSE,FALSE,"Nein","non",FALSE,FALSE,FALSE,,"Intro_Nein;KantonPhrase_Nein_Nein","54,4 Prozent der Stimmbürgerinnen und Stimmbürger von Onsernone haben das Freihandelsabkommen mit Indonesien abgelehnt. Onsernone hat damit gleich wie der Kanton Tessin Nein gesagt zu dieser Vorlage.","Les habitants d'Onsernone s'opposent à l'accord de libre-échange avec l'Indonésie avec 54,4 pour cent de non. Onsernone a rejeté la loi, tout comme son canton.","No all'accordo di libero scambio con l'Indonesia nel comune di Onsernone: i cittadini hanno respinto il testo con il 54,4 percento dei voti. Onsernone ha bocciato l'accordo, proprio come il suo cantone.",54.364167236131,45.635832763869
21,5138,44.0143894477383,6607,8404,,,,15011,TRUE,"TI","Cugnasco-Gerra","Cugnasco-Gerra","Cugnasco-Gerra","Cugnasco-Gerra TI","Cugnasco-Gerra (TI)","Cugnasco-Gerra TI","Tessin","Tessin","Ticino",21.0740728536621,FALSE,FALSE,"Nein","non",FALSE,FALSE,FALSE,,"Intro_Nein;KantonPhrase_Nein_Nein","56 Prozent der Stimmbürgerinnen und Stimmbürger von Cugnasco-Gerra haben das Freihandelsabkommen mit Indonesien abgelehnt. Cugnasco-Gerra hat damit gleich wie der Kanton Tessin Nein gesagt zu dieser Vorlage.","Les habitants de Cugnasco-Gerra s'opposent à l'accord de libre-échange avec l'Indonésie avec 56 pour cent de non. Cugnasco-Gerra a rejeté la loi, tout comme son canton.","No all'accordo di libero scambio con l'Indonesia nel comune di Cugnasco-Gerra: i cittadini hanno respinto il testo con il 56 percento dei voti. Cugnasco-Gerra ha bocciato l'accordo, proprio come il suo cantone.",55.9856105522617,44.0143894477383
21,5141,40.5631522130263,4509,6607,,,,11116,TRUE,"TI","Agno","Agno","Agno","Agno TI","Agno (TI)","Agno TI","Tessin","Tessin","Ticino",21.0740728536621,FALSE,FALSE,"Nein","non",FALSE,FALSE,FALSE,,"Intro_Nein;KantonPhrase_Nein_Nein","Das Freihandelsabkommen mit Indonesien ist in Agno mit 59,4 Prozent abgelehnt worden. Agno hat damit gleich wie der Kanton Tessin Nein gesagt zu dieser Vorlage.","C'est non à 59,4 pour cent à l'accord de libre-échange avec l'Indonésie à Agno. Agno a rejeté la loi, tout comme son canton.","Con il 59,4 percento di ""no"", i cittadini del comune di Agno hanno bocciato il partenariato economico globale con l'Indonesia. Agno ha bocciato l'accordo, proprio come il suo cantone.",59.4368477869737,40.5631522130263
21,5143,38.3236574746009,5281,8499,,,,13780,TRUE,"TI","Aranno","Aranno","Aranno","Aranno TI","Aranno (TI)","Aranno TI","Tessin","Tessin","Ticino",21.0740728536621,FALSE,FALSE,"Nein","non",FALSE,FALSE,FALSE,,"Intro_Nein;KantonPhrase_Nein_Nein","In Aranno das Freihandelsabkommen mit Indonesien keine Mehrheit gefunden: 61,7 Prozent haben es abgelehnt. Aranno hat damit gleich wie der Kanton Tessin Nein gesagt zu dieser Vorlage.","L'accord de libre-échange avec l'Indonésie échoue à Aranno avec 61,7 pour cent de non. Aranno a rejeté la loi, tout comme son canton.","A Aranno i cittadini hanno bocciato, con il 61,7 percento dei voti, l'accordo di libero scambio con l'Indonesia. Aranno ha bocciato l'accordo, proprio come il suo cantone.",61.6763425253991,38.3236574746009
21,5144,57.1057642374935,3299,2478,,,,5777,TRUE,"TI","Arogno","Arogno","Arogno","Arogno TI","Arogno (TI)","Arogno TI","Tessin","Tessin","Ticino",21.0740728536621,FALSE,FALSE,"Ja","oui",FALSE,FALSE,FALSE,,"Intro_Ja;KantonPhrase_Ja_Nein","Das Freihandelsabkommen mit Indonesien ist in Arogno mit 3'299 Ja zu 2'478 Nein angenommen worden. Das entspricht 57,1 Prozent der Stimmen. Arogno hat damit anders abgestimmt als der Kanton Tessin, der die Vorlage abgelehnt hat.","A Arogno, les habitants sont favorables à l'accord de libre-échange avec l'Indonésie avec 57,1 pour cent de oui. Arogno a approuvé la loi, contrairement à son canton.","I cittadini di Arogno si sono espressi a favore dell'accordo di libero scambio con l'Indonesia. Il testo è stato approvato con il 57,1 percento dei voti. Arogno, al contrario del suo cantone, ha approvato l'accordo.",42.8942357625065,57.1057642374935
21,5146,85.028738253809,9320,1641,,,,10961,TRUE,"TI","Astano","Astano","Astano","Astano TI","Astano (TI)","Astano TI","Tessin","Tessin","Ticino",21.0740728536621,FALSE,FALSE,"Ja","oui",FALSE,FALSE,FALSE,,"Intro_Ja;KantonPhrase_Ja_Nein","Astano hat dem Freihandelsabkommen mit Indonesien zugestimmt und zwar mit 9'320 Ja zu 1'641 Nein. Das entspricht einem Ja-Stimmen-Anteil von 85 Prozent. Astano hat damit anders abgestimmt als der Kanton Tessin, der die Vorlage abgelehnt hat.","L'accord de libre-échange avec l'Indonésie passe la rampe à Astano avec 85 pour cent de oui. Astano a approuvé la loi, contrairement à son canton.","Da Astano è arrivato un ""sì"" alle urne per il partenariato economico globale con l'Indonesia. I cittadini hanno accolto il testo con il 85 percento dei voti. Astano, al contrario del suo cantone, ha approvato l'accordo.",14.971261746191,85.028738253809
21,5148,43.9594480428048,1561,1990,,,,3551,TRUE,"TI","Bedano","Bedano","Bedano","Bedano TI","Bedano (TI)","Bedano TI","Tessin","Tessin","Ticino",21.0740728536621,FALSE,FALSE,"Nein","non",FALSE,FALSE,FALSE,,"Intro_Nein;KantonPhrase_Nein_Nein","Nein zum Freihandelsabkommen mit Indonesien: Bedano hat den Bundesbeschluss mit 56 Prozent Nein-Stimmen verworfen. Bedano hat damit gleich wie der Kanton Tessin Nein gesagt zu dieser Vorlage.","L'accord de libre-échange avec l'Indonésie ne passe pas la rampe à Bedano avec 56 pour cent de non. Bedano a rejeté la loi, tout comme son canton.","Da Bedano è arrivato un ""no"" alle urne per il partenariato economico globale con l'Indonesia. I cittadini hanno respinto il testo con il 56 percento dei voti. Bedano ha bocciato l'accordo, proprio come il suo cantone.",56.0405519571952,43.9594480428048
21,5149,66.4814447310974,3350,1689,,,,5039,TRUE,"TI","Bedigliora","Bedigliora","Bedigliora","Bedigliora TI","Bedigliora (TI)","Bedigliora TI","Tessin","Tessin","Ticino",21.0740728536621,FALSE,FALSE,"Ja","oui",FALSE,FALSE,FALSE,,"Intro_Ja;KantonPhrase_Ja_Nein","Mit 66,5 Prozent Ja hat sich Bedigliora für das Freihandelsabkommen mit Indonesien ausgesprochen. Bedigliora hat damit anders abgestimmt als der Kanton Tessin, der die Vorlage abgelehnt hat.","Les habitants de Bedigliora approuvent l'accord de libre-échange avec l'Indonésie avec 66,5 pour cent de oui. Bedigliora a approuvé la loi, contrairement à son canton.","Sì all'accordo di libero scambio con l'Indonesia nel comune di Bedigliora: i cittadini hanno approvato il testo con il 66,5 percento dei voti. Bedigliora, al contrario del suo cantone, ha approvato l'accordo.",33.5185552689026,66.4814447310974
21,5151,66.7368187859991,6025,3003,,,,9028,TRUE,"TI","Bioggio","Bioggio","Bioggio","Bioggio TI","Bioggio (TI)","Bioggio TI","Tessin","Tessin","Ticino",21.0740728536621,FALSE,FALSE,"Ja","oui",FALSE,FALSE,FALSE,,"Intro_Ja;KantonPhrase_Ja_Nein","Bioggio hat mit 66,7 Prozent Ja gesagt zum Freihandelsabkommen mit Indonesien. Bioggio hat damit anders abgestimmt als der Kanton Tessin, der die Vorlage abgelehnt hat.","Les habitants de Bioggio acceptent l'accord de libre-échange avec l'Indonésie avec 66,7 pour cent de oui. Bioggio a approuvé la loi, contrairement à son canton.","Nel comune di Bioggio l'accordo di libero scambio con l'Indonesia è stato accetato con il 66,7 percento dei voti. Bioggio, al contrario del suo cantone, ha approvato l'accordo.",33.2631812140009,66.7368187859991
21,5154,5.20577231427044,487,8868,,,,9355,TRUE,"TI","Bissone","Bissone","Bissone","Bissone TI","Bissone (TI)","Bissone TI","Tessin","Tessin","Ticino",21.0740728536621,FALSE,FALSE,"Nein","non",FALSE,FALSE,FALSE,,"Intro_Nein;KantonPhrase_Nein_Nein","Das Freihandelsabkommen mit Indonesien ist in Bissone mit 94,8 Prozent abgelehnt worden. Bissone hat damit gleich wie der Kanton Tessin Nein gesagt zu dieser Vorlage.","C'est non à 94,8 pour cent à l'accord de libre-échange avec l'Indonésie à Bissone. Bissone a rejeté la loi, tout comme son canton.","Con il 94,8 percento di ""no"", i cittadini del comune di Bissone hanno bocciato il partenariato economico globale con l'Indonesia. Bissone ha bocciato l'accordo, proprio come il suo cantone.",94.7942276857296,5.20577231427044
21,5160,59.2928020160655,7529,5169,,,,12698,TRUE,"TI","Brusino Arsizio","Brusino Arsizio","Brusino Arsizio","Brusino Arsizio TI","Brusino Arsizio (TI)","Brusino Arsizio TI","Tessin","Tessin","Ticino",21.0740728536621,FALSE,FALSE,"Ja","oui",FALSE,FALSE,FALSE,,"Intro_Ja;KantonPhrase_Ja_Nein","Mit 59,3 Prozent Ja hat sich Brusino Arsizio für das Freihandelsabkommen mit Indonesien ausgesprochen. Brusino Arsizio hat damit anders abgestimmt als der Kanton Tessin, der die Vorlage abgelehnt hat.","Les habitants de Brusino Arsizio approuvent l'accord de libre-échange avec l'Indonésie avec 59,3 pour cent de oui. Brusino Arsizio a approuvé la loi, contrairement à son canton.","Sì all'accordo di libero scambio con l'Indonesia nel comune di Brusino Arsizio: i cittadini hanno approvato il testo con il 59,3 percento dei voti. Brusino Arsizio, al contrario del suo cantone, ha approvato l'accordo.",40.7071979839345,59.2928020160655
21,5161,11.472819216182,726,5602,,,,6328,TRUE,"TI","Cademario","Cademario","Cademario","Cademario TI","Cademario (TI)","Cademario TI","Tessin","Tessin","Ticino",21.0740728536621,FALSE,FALSE,"Nein","non",FALSE,FALSE,FALSE,,"Intro_Nein;KantonPhrase_Nein_Nein","In Cademario das Freihandelsabkommen mit Indonesien keine Mehrheit gefunden: 88,5 Prozent haben es abgelehnt. Cademario hat damit gleich wie der Kanton Tessin Nein gesagt zu dieser Vorlage.","L'accord de libre-échange avec l'Indonésie échoue à Cademario avec 88,5 pour cent de non. Cademario a rejeté la loi, tout comme son canton.","A Cademario i cittadini hanno bocciato, con il 88,5 percento dei voti, l'accordo di libero scambio con l'Indonesia. Cademario ha bocciato l'accordo, proprio come il suo cantone.",88.527180783818,11.472819216182
21,5162,14.125398949861,1372,8341,,,,9713,TRUE,"TI","Cadempino","Cadempino","Cadempino","Cadempino TI","Cadempino (TI)","Cadempino TI","Tessin","Tessin","Ticino",21.0740728536621,FALSE,FALSE,"Nein","non",FALSE,FALSE,FALSE,,"Intro_Nein;KantonPhrase_Nein_Nein","Nein zum Freihandelsabkommen mit Indonesien: Cadempino hat den Bundesbeschluss mit 85,9 Prozent Nein-Stimmen verworfen. Cadempino hat damit gleich wie der Kanton Tessin Nein gesagt zu dieser Vorlage.","L'accord de libre-échange avec l'Indonésie ne passe pas la rampe à Cadempino avec 85,9 pour cent de non. Cadempino a rejeté la loi, tout comme son canton.","Da Cadempino è arrivato un ""no"" alle urne per il partenariato economico globale con l'Indonesia. I cittadini hanno respinto il testo con il 85,9 percento dei voti. Cadempino ha bocciato l'accordo, proprio come il suo cantone.",85.874601050139,14.125398949861
21,5167,15.6697097697234,1150,6189,,,,7339,TRUE,"TI","Canobbio","Canobbio","Canobbio","Canobbio TI","Canobbio (TI)","Canobbio TI","Tessin","Tessin","Ticino",21.0740728536621,FALSE,FALSE,"Nein","non",FALSE,FALSE,FALSE,,"Intro_Nein;KantonPhrase_Nein_Nein","Das Freihandelsabkommen mit Indonesien ist in Canobbio mit 84,3 Prozent abgelehnt worden. Canobbio hat damit gleich wie der Kanton Tessin Nein gesagt zu dieser Vorlage.","C'est non à 84,3 pour cent à l'accord de libre-échange avec l'Indonésie à Canobbio. Canobbio a rejeté la loi, tout comme son canton.","Con il 84,3 percento di ""no"", i cittadini del comune di Canobbio hanno bocciato il partenariato economico globale con l'Indonesia. Canobbio ha bocciato l'accordo, proprio come il suo cantone.",84.3302902302766,15.6697097697234
21,5171,32.7844028014386,3464,7102,,,,10566,TRUE,"TI","Caslano","Caslano","Caslano","Caslano TI","Caslano (TI)","Caslano TI","Tessin","Tessin","Ticino",21.0740728536621,FALSE,FALSE,"Nein","non",FALSE,FALSE,FALSE,,"Intro_Nein;KantonPhrase_Nein_Nein","In Caslano das Freihandelsabkommen mit Indonesien keine Mehrheit gefunden: 67,2 Prozent haben es abgelehnt. Caslano hat damit gleich wie der Kanton Tessin Nein gesagt zu dieser Vorlage.","L'accord de libre-échange avec l'Indonésie échoue à Caslano avec 67,2 pour cent de non. Caslano a rejeté la loi, tout comme son canton.","A Caslano i cittadini hanno bocciato, con il 67,2 percento dei voti, l'accordo di libero scambio con l'Indonesia. Caslano ha bocciato l'accordo, proprio come il suo cantone.",67.2155971985614,32.7844028014386
21,5176,66.2235960844925,6427,3278,,,,9705,TRUE,"TI","Comano","Comano","Comano","Comano TI","Comano (TI)","Comano TI","Tessin","Tessin","Ticino",21.0740728536621,FALSE,FALSE,"Ja","oui",FALSE,FALSE,FALSE,,"Intro_Ja;KantonPhrase_Ja_Nein","Ja zum Freihandelsabkommen mit Indonesien: Comano hat den Bundesbeschluss mit 66,2 Prozent der Stimmen angenommen. Comano hat damit anders abgestimmt als der Kanton Tessin, der die Vorlage abgelehnt hat.","Les électeurs de Comano valident l'accord de libre-échange avec l'Indonésie avec 66,2 pour cent de oui. Comano a approuvé la loi, contrairement à son canton.","A Comano i cittadini hanno accolto, con il 66,2 percento dei voti, l'accordo di libero scambio con l'Indonesia. Comano, al contrario del suo cantone, ha approvato l'accordo.",33.7764039155075,66.2235960844925
21,5178,63.6672512056116,5809,3315,,,,9124,TRUE,"TI","Croglio","Croglio","Croglio","Croglio TI","Croglio (TI)","Croglio TI","Tessin","Tessin","Ticino",21.0740728536621,FALSE,FALSE,"Ja","oui",FALSE,FALSE,FALSE,,"Intro_Ja;KantonPhrase_Ja_Nein","Croglio hat mit 63,7 Prozent Ja gesagt zum Freihandelsabkommen mit Indonesien. Croglio hat damit anders abgestimmt als der Kanton Tessin, der die Vorlage abgelehnt hat.","Les habitants de Croglio acceptent l'accord de libre-échange avec l'Indonésie avec 63,7 pour cent de oui. Croglio a approuvé la loi, contrairement à son canton.","Nel comune di Croglio l'accordo di libero scambio con l'Indonesia è stato accetato con il 63,7 percento dei voti. Croglio, al contrario del suo cantone, ha approvato l'accordo.",36.3327487943884,63.6672512056116
21,5180,46.7630907262743,6046,6883,,,,12929,TRUE,"TI","Cureglia","Cureglia","Cureglia","Cureglia TI","Cureglia (TI)","Cureglia TI","Tessin","Tessin","Ticino",21.0740728536621,FALSE,FALSE,"Nein","non",FALSE,FALSE,FALSE,,"Intro_Nein;KantonPhrase_Nein_Nein","Nein zum Freihandelsabkommen mit Indonesien: Cureglia hat den Bundesbeschluss mit 53,2 Prozent Nein-Stimmen verworfen. Cureglia hat damit gleich wie der Kanton Tessin Nein gesagt zu dieser Vorlage.","L'accord de libre-échange avec l'Indonésie ne passe pas la rampe à Cureglia avec 53,2 pour cent de non. Cureglia a rejeté la loi, tout comme son canton.","Da Cureglia è arrivato un ""no"" alle urne per il partenariato economico globale con l'Indonesia. I cittadini hanno respinto il testo con il 53,2 percento dei voti. Cureglia ha bocciato l'accordo, proprio come il suo cantone.",53.2369092737257,46.7630907262743
21,5181,40.7001603420631,4569,6657,,,,11226,TRUE,"TI","Curio","Curio","Curio","Curio TI","Curio (TI)","Curio TI","Tessin","Tessin","Ticino",21.0740728536621,FALSE,FALSE,"Nein","non",FALSE,FALSE,FALSE,,"Intro_Nein;KantonPhrase_Nein_Nein","Das Freihandelsabkommen mit Indonesien ist in Curio mit 59,3 Prozent abgelehnt worden. Curio hat damit gleich wie der Kanton Tessin Nein gesagt zu dieser Vorlage.","C'est non à 59,3 pour cent à l'accord de libre-échange avec l'Indonésie à Curio. Curio a rejeté la loi, tout comme son canton.","Con il 59,3 percento di ""no"", i cittadini del comune di Curio hanno bocciato il partenariato economico globale con l'Indonesia. Curio ha bocciato l'accordo, proprio come il suo cantone.",59.2998396579369,40.7001603420631
21,5186,71.0808396605627,6366,2590,,,,8956,TRUE,"TI","Grancia","Grancia","Grancia","Grancia TI","Grancia (TI)","Grancia TI","Tessin","Tessin","Ticino",21.0740728536621,FALSE,FALSE,"Ja","oui",FALSE,FALSE,FALSE,,"Intro_Ja;KantonPhrase_Ja_Nein","Grancia hat mit 71,1 Prozent Ja gesagt zum Freihandelsabkommen mit Indonesien. Grancia hat damit anders abgestimmt als der Kanton Tessin, der die Vorlage abgelehnt hat.","Les habitants de Grancia acceptent l'accord de libre-échange avec l'Indonésie avec 71,1 pour cent de oui. Grancia a approuvé la loi, contrairement à son canton.","Nel comune di Grancia l'accordo di libero scambio con l'Indonesia è stato accetato con il 71,1 percento dei voti. Grancia, al contrario del suo cantone, ha approvato l'accordo.",28.9191603394373,71.0808396605627
21,5187,50.2546689303905,7992,7911,,,,15903,TRUE,"TI","Gravesano","Gravesano","Gravesano","Gravesano TI","Gravesano (TI)","Gravesano TI","Tessin","Tessin","Ticino",21.0740728536621,FALSE,FALSE,"Ja","oui",FALSE,FALSE,FALSE,,"Intro_Ja;KantonPhrase_Ja_Nein","Gravesano hat dem Freihandelsabkommen mit Indonesien zugestimmt und zwar mit 7'992 Ja zu 7'911 Nein. Das entspricht einem Ja-Stimmen-Anteil von 50,3 Prozent. Gravesano hat damit anders abgestimmt als der Kanton Tessin, der die Vorlage abgelehnt hat.","L'accord de libre-échange avec l'Indonésie passe la rampe à Gravesano avec 50,3 pour cent de oui. Gravesano a approuvé la loi, contrairement à son canton.","Da Gravesano è arrivato un ""sì"" alle urne per il partenariato economico globale con l'Indonesia. I cittadini hanno accolto il testo con il 50,3 percento dei voti. Gravesano, al contrario del suo cantone, ha approvato l'accordo.",49.7453310696095,50.2546689303905
21,5189,79.1753090516884,9543,2510,,,,12053,TRUE,"TI","Lamone","Lamone","Lamone","Lamone TI","Lamone (TI)","Lamone TI","Tessin","Tessin","Ticino",21.0740728536621,FALSE,FALSE,"Ja","oui",FALSE,FALSE,FALSE,,"Intro_Ja;KantonPhrase_Ja_Nein","Lamone hat dem Freihandelsabkommen mit Indonesien zugestimmt und zwar mit 9'543 Ja zu 2'510 Nein. Das entspricht einem Ja-Stimmen-Anteil von 79,2 Prozent. Lamone hat damit anders abgestimmt als der Kanton Tessin, der die Vorlage abgelehnt hat.","L'accord de libre-échange avec l'Indonésie passe la rampe à Lamone avec 79,2 pour cent de oui. Lamone a approuvé la loi, contrairement à son canton.","Da Lamone è arrivato un ""sì"" alle urne per il partenariato economico globale con l'Indonesia. I cittadini hanno accolto il testo con il 79,2 percento dei voti. Lamone, al contrario del suo cantone, ha approvato l'accordo.",20.8246909483116,79.1753090516884
21,5192,50.6781993316296,7734,7527,,,,15261,TRUE,"TI","Lugano","Lugano","Lugano","Lugano TI","Lugano (TI)","Lugano TI","Tessin","Tessin","Ticino",21.0740728536621,FALSE,FALSE,"Ja","oui",FALSE,FALSE,FALSE,,"Intro_Ja;KantonPhrase_Ja_Nein","50,7 Prozent der Stimmbürgerinnen und Stimmbürger von Lugano haben Ja gesagt zum Freihandelsabkommen mit Indonesien. Lugano hat damit anders abgestimmt als der Kanton Tessin, der die Vorlage abgelehnt hat.","C'est oui à 50,7 pour cent à l'accord de libre-échange avec l'Indonésie à Lugano. Lugano a approuvé la loi, contrairement à son canton.","Con il 50,7 percento di ""sì"", i cittadini del comune di Lugano hanno accolto il partenariato economico globale con l'Indonesia. Lugano, al contrario del suo cantone, ha approvato l'accordo.",49.3218006683704,50.6781993316296
21,5193,94.9234057712861,5329,285,,,,5614,TRUE,"TI","Magliaso","Magliaso","Magliaso","Magliaso TI","Magliaso (TI)","Magliaso TI","Tessin","Tessin","Ticino",21.0740728536621,FALSE,FALSE,"Ja","oui",FALSE,FALSE,FALSE,,"Intro_Ja;KantonPhrase_Ja_Nein","Magliaso hat dem Freihandelsabkommen mit Indonesien zugestimmt und zwar mit 5'329 Ja zu 285 Nein. Das entspricht einem Ja-Stimmen-Anteil von 94,9 Prozent. Magliaso hat damit anders abgestimmt als der Kanton Tessin, der die Vorlage abgelehnt hat.","L'accord de libre-échange avec l'Indonésie passe la rampe à Magliaso avec 94,9 pour cent de oui. Magliaso a approuvé la loi, contrairement à son canton.","Da Magliaso è arrivato un ""sì"" alle urne per il partenariato economico globale con l'Indonesia. I cittadini hanno accolto il testo con il 94,9 percento dei voti. Magliaso, al contrario del suo cantone, ha approvato l'accordo.",5.07659422871393,94.9234057712861
21,5194,63.5883224850164,9867,5650,,,,15517,TRUE,"TI","Manno","Manno","Manno","Manno TI","Manno (TI)","Manno TI","Tessin","Tessin","Ticino",21.0740728536621,FALSE,FALSE,"Ja","oui",FALSE,FALSE,FALSE,,"Intro_Ja;KantonPhrase_Ja_Nein","63,6 Prozent der Stimmbürgerinnen und Stimmbürger von Manno haben für das Freihandelsabkommen mit Indonesien gestimmt. Manno hat damit anders abgestimmt als der Kanton Tessin, der die Vorlage abgelehnt hat.","A Manno, les habitants disent oui à 63,6 pour cent à l'accord de libre-échange avec l'Indonésie. Manno a approuvé la loi, contrairement à son canton.","Nel comune di Manno l'accordo di libero scambio con l'Indonesia è stato approvato con il 63,6 percento dei voti. Manno, al contrario del suo cantone, ha approvato l'accordo.",36.4116775149836,63.5883224850164
21,5195,62.6562868601085,2656,1583,,,,4239,TRUE,"TI","Maroggia","Maroggia","Maroggia","Maroggia TI","Maroggia (TI)","Maroggia TI","Tessin","Tessin","Ticino",21.0740728536621,FALSE,FALSE,"Ja","oui",FALSE,FALSE,FALSE,,"Intro_Ja;KantonPhrase_Ja_Nein","Maroggia hat mit 62,7 Prozent Ja gesagt zum Freihandelsabkommen mit Indonesien. Maroggia hat damit anders abgestimmt als der Kanton Tessin, der die Vorlage abgelehnt hat.","Les habitants de Maroggia acceptent l'accord de libre-échange avec l'Indonésie avec 62,7 pour cent de oui. Maroggia a approuvé la loi, contrairement à son canton.","Nel comune di Maroggia l'accordo di libero scambio con l'Indonesia è stato accetato con il 62,7 percento dei voti. Maroggia, al contrario del suo cantone, ha approvato l'accordo.",37.3437131398915,62.6562868601085
21,5196,87.2139303482587,7012,1028,,,,8040,TRUE,"TI","Massagno","Massagno","Massagno","Massagno TI","Massagno (TI)","Massagno TI","Tessin","Tessin","Ticino",21.0740728536621,FALSE,FALSE,"Ja","oui",FALSE,FALSE,FALSE,,"Intro_Ja;KantonPhrase_Ja_Nein","Massagno hat mit 87,2 Prozent Ja gesagt zum Freihandelsabkommen mit Indonesien. Massagno hat damit anders abgestimmt als der Kanton Tessin, der die Vorlage abgelehnt hat.","Les habitants de Massagno acceptent l'accord de libre-échange avec l'Indonésie avec 87,2 pour cent de oui. Massagno a approuvé la loi, contrairement à son canton.","Nel comune di Massagno l'accordo di libero scambio con l'Indonesia è stato accetato con il 87,2 percento dei voti. Massagno, al contrario del suo cantone, ha approvato l'accordo.",12.7860696517413,87.2139303482587
21,5197,66.3289555972483,5303,2692,,,,7995,TRUE,"TI","Melano","Melano","Melano","Melano TI","Melano (TI)","Melano TI","Tessin","Tessin","Ticino",21.0740728536621,FALSE,FALSE,"Ja","oui",FALSE,FALSE,FALSE,,"Intro_Ja;KantonPhrase_Ja_Nein","Das Freihandelsabkommen mit Indonesien ist in Melano mit 5'303 Ja zu 2'692 Nein angenommen worden. Das entspricht 66,3 Prozent der Stimmen. Melano hat damit anders abgestimmt als der Kanton Tessin, der die Vorlage abgelehnt hat.","A Melano, les habitants sont favorables à l'accord de libre-échange avec l'Indonésie avec 66,3 pour cent de oui. Melano a approuvé la loi, contrairement à son canton.","I cittadini di Melano si sono espressi a favore dell'accordo di libero scambio con l'Indonesia. Il testo è stato approvato con il 66,3 percento dei voti. Melano, al contrario del suo cantone, ha approvato l'accordo.",33.6710444027517,66.3289555972483
21,5198,39.1148115687993,4463,6947,,,,11410,TRUE,"TI","Melide","Melide","Melide","Melide TI","Melide (TI)","Melide TI","Tessin","Tessin","Ticino",21.0740728536621,FALSE,FALSE,"Nein","non",FALSE,FALSE,FALSE,,"Intro_Nein;KantonPhrase_Nein_Nein","In Melide das Freihandelsabkommen mit Indonesien keine Mehrheit gefunden: 60,9 Prozent haben es abgelehnt. Melide hat damit gleich wie der Kanton Tessin Nein gesagt zu dieser Vorlage.","L'accord de libre-échange avec l'Indonésie échoue à Melide avec 60,9 pour cent de non. Melide a rejeté la loi, tout comme son canton.","A Melide i cittadini hanno bocciato, con il 60,9 percento dei voti, l'accordo di libero scambio con l'Indonesia. Melide ha bocciato l'accordo, proprio come il suo cantone.",60.8851884312007,39.1148115687993
21,5199,62.0612730517549,4173,2551,,,,6724,TRUE,"TI","Mezzovico-Vira","Mezzovico-Vira","Mezzovico-Vira","Mezzovico-Vira TI","Mezzovico-Vira (TI)","Mezzovico-Vira TI","Tessin","Tessin","Ticino",21.0740728536621,FALSE,FALSE,"Ja","oui",FALSE,FALSE,FALSE,,"Intro_Ja;KantonPhrase_Ja_Nein","Das Freihandelsabkommen mit Indonesien ist in Mezzovico-Vira mit 4'173 Ja zu 2'551 Nein angenommen worden. Das entspricht 62,1 Prozent der Stimmen. Mezzovico-Vira hat damit anders abgestimmt als der Kanton Tessin, der die Vorlage abgelehnt hat.","A Mezzovico-Vira, les habitants sont favorables à l'accord de libre-échange avec l'Indonésie avec 62,1 pour cent de oui. Mezzovico-Vira a approuvé la loi, contrairement à son canton.","I cittadini di Mezzovico-Vira si sono espressi a favore dell'accordo di libero scambio con l'Indonesia. Il testo è stato approvato con il 62,1 percento dei voti. Mezzovico-Vira, al contrario del suo cantone, ha approvato l'accordo.",37.9387269482451,62.0612730517549
21,5200,45.8919253559742,5189,6118,,,,11307,TRUE,"TI","Miglieglia","Miglieglia","Miglieglia","Miglieglia TI","Miglieglia (TI)","Miglieglia TI","Tessin","Tessin","Ticino",21.0740728536621,FALSE,FALSE,"Nein","non",FALSE,FALSE,FALSE,,"Intro_Nein;KantonPhrase_Nein_Nein","54,1 Prozent Stimmbürgerinnen und Stimmbürger von Miglieglia haben Nein gesagt zum Freihandelsabkommen mit Indonesien. Miglieglia hat damit gleich wie der Kanton Tessin Nein gesagt zu dieser Vorlage.","A Miglieglia, les habitants disent non à 54,1 pour cent à l'accord de libre-échange avec l'Indonésie. Miglieglia a rejeté la loi, tout comme son canton.","Nel comune di Miglieglia l'accordo di libero scambio con l'Indonesia è stato bocciato con il 54,1 percento dei voti. Miglieglia ha bocciato l'accordo, proprio come il suo cantone.",54.1080746440258,45.8919253559742
21,5202,59.7674053119598,3803,2560,,,,6363,TRUE,"TI","Monteggio","Monteggio","Monteggio","Monteggio TI","Monteggio (TI)","Monteggio TI","Tessin","Tessin","Ticino",21.0740728536621,FALSE,FALSE,"Ja","oui",FALSE,FALSE,FALSE,,"Intro_Ja;KantonPhrase_Ja_Nein","59,8 Prozent der Stimmbürgerinnen und Stimmbürger von Monteggio haben für das Freihandelsabkommen mit Indonesien gestimmt. Monteggio hat damit anders abgestimmt als der Kanton Tessin, der die Vorlage abgelehnt hat.","A Monteggio, les habitants disent oui à 59,8 pour cent à l'accord de libre-échange avec l'Indonésie. Monteggio a approuvé la loi, contrairement à son canton.","Nel comune di Monteggio l'accordo di libero scambio con l'Indonesia è stato approvato con il 59,8 percento dei voti. Monteggio, al contrario del suo cantone, ha approvato l'accordo.",40.2325946880402,59.7674053119598
21,5203,97.5161167993932,5143,131,,,,5274,TRUE,"TI","Morcote","Morcote","Morcote","Morcote TI","Morcote (TI)","Morcote TI","Tessin","Tessin","Ticino",21.0740728536621,TRUE,FALSE,"Ja","oui",FALSE,FALSE,FALSE,,"Intro_Ja;KantonPhrase_Highest_Yes_Kant","Morcote hat dem Freihandelsabkommen mit Indonesien zugestimmt und zwar mit 5'143 Ja zu 131 Nein. Das entspricht einem Ja-Stimmen-Anteil von 97,5 Prozent. Morcote hat damit bei dieser Vorlage den höchsten Ja-Anteil im Kanton Tessin.","L'accord de libre-échange avec l'Indonésie passe la rampe à Morcote avec 97,5 pour cent de oui. Le plus fort pourcentage de oui du canton du Tessin a été obtenu à Morcote.","Da Morcote è arrivato un ""sì"" alle urne per il partenariato economico globale con l'Indonesia. I cittadini hanno accolto il testo con il 97,5 percento dei voti. La più alta percentuale di ""sì"" nel canton Ticino è stata ottenuta a Morcote.",2.48388320060675,97.5161167993932
21,5205,72.5017717930546,7161,2716,,,,9877,TRUE,"TI","Muzzano","Muzzano","Muzzano","Muzzano TI","Muzzano (TI)","Muzzano TI","Tessin","Tessin","Ticino",21.0740728536621,FALSE,FALSE,"Ja","oui",FALSE,FALSE,FALSE,,"Intro_Ja;KantonPhrase_Ja_Nein","Muzzano hat dem Freihandelsabkommen mit Indonesien zugestimmt und zwar mit 7'161 Ja zu 2'716 Nein. Das entspricht einem Ja-Stimmen-Anteil von 72,5 Prozent. Muzzano hat damit anders abgestimmt als der Kanton Tessin, der die Vorlage abgelehnt hat.","L'accord de libre-échange avec l'Indonésie passe la rampe à Muzzano avec 72,5 pour cent de oui. Muzzano a approuvé la loi, contrairement à son canton.","Da Muzzano è arrivato un ""sì"" alle urne per il partenariato economico globale con l'Indonesia. I cittadini hanno accolto il testo con il 72,5 percento dei voti. Muzzano, al contrario del suo cantone, ha approvato l'accordo.",27.4982282069454,72.5017717930546
21,5206,56.025641025641,5244,4116,,,,9360,TRUE,"TI","Neggio","Neggio","Neggio","Neggio TI","Neggio (TI)","Neggio TI","Tessin","Tessin","Ticino",21.0740728536621,FALSE,FALSE,"Ja","oui",FALSE,FALSE,FALSE,,"Intro_Ja;KantonPhrase_Ja_Nein","Mit 56 Prozent Ja hat sich Neggio für das Freihandelsabkommen mit Indonesien ausgesprochen. Neggio hat damit anders abgestimmt als der Kanton Tessin, der die Vorlage abgelehnt hat.","Les habitants de Neggio approuvent l'accord de libre-échange avec l'Indonésie avec 56 pour cent de oui. Neggio a approuvé la loi, contrairement à son canton.","Sì all'accordo di libero scambio con l'Indonesia nel comune di Neggio: i cittadini hanno approvato il testo con il 56 percento dei voti. Neggio, al contrario del suo cantone, ha approvato l'accordo.",43.974358974359,56.025641025641
21,5207,39.3808331436376,5190,7989,,,,13179,TRUE,"TI","Novaggio","Novaggio","Novaggio","Novaggio TI","Novaggio (TI)","Novaggio TI","Tessin","Tessin","Ticino",21.0740728536621,FALSE,FALSE,"Nein","non",FALSE,FALSE,FALSE,,"Intro_Nein;KantonPhrase_Nein_Nein","In Novaggio das Freihandelsabkommen mit Indonesien keine Mehrheit gefunden: 60,6 Prozent haben es abgelehnt. Novaggio hat damit gleich wie der Kanton Tessin Nein gesagt zu dieser Vorlage.","L'accord de libre-échange avec l'Indonésie échoue à Novaggio avec 60,6 pour cent de non. Novaggio a rejeté la loi, tout comme son canton.","A Novaggio i cittadini hanno bocciato, con il 60,6 percento dei voti, l'accordo di libero scambio con l'Indonesia. Novaggio ha bocciato l'accordo, proprio come il suo cantone.",60.6191668563624,39.3808331436376
21,5208,70.7317073170732,348,144,,,,492,TRUE,"TI","Origlio","Origlio","Origlio","Origlio TI","Origlio (TI)","Origlio TI","Tessin","Tessin","Ticino",21.0740728536621,FALSE,FALSE,"Ja","oui",FALSE,FALSE,FALSE,,"Intro_Ja;KantonPhrase_Ja_Nein","70,7 Prozent der Stimmbürgerinnen und Stimmbürger von Origlio haben für das Freihandelsabkommen mit Indonesien gestimmt. Origlio hat damit anders abgestimmt als der Kanton Tessin, der die Vorlage abgelehnt hat.","A Origlio, les habitants disent oui à 70,7 pour cent à l'accord de libre-échange avec l'Indonésie. Origlio a approuvé la loi, contrairement à son canton.","Nel comune di Origlio l'accordo di libero scambio con l'Indonesia è stato approvato con il 70,7 percento dei voti. Origlio, al contrario del suo cantone, ha approvato l'accordo.",29.2682926829268,70.7317073170732
21,5210,27.0558258049571,3504,9447,,,,12951,TRUE,"TI","Paradiso","Paradiso","Paradiso","Paradiso TI","Paradiso (TI)","Paradiso TI","Tessin","Tessin","Ticino",21.0740728536621,FALSE,FALSE,"Nein","non",FALSE,FALSE,FALSE,,"Intro_Nein;KantonPhrase_Nein_Nein","72,9 Prozent Stimmbürgerinnen und Stimmbürger von Paradiso haben Nein gesagt zum Freihandelsabkommen mit Indonesien. Paradiso hat damit gleich wie der Kanton Tessin Nein gesagt zu dieser Vorlage.","A Paradiso, les habitants disent non à 72,9 pour cent à l'accord de libre-échange avec l'Indonésie. Paradiso a rejeté la loi, tout comme son canton.","Nel comune di Paradiso l'accordo di libero scambio con l'Indonesia è stato bocciato con il 72,9 percento dei voti. Paradiso ha bocciato l'accordo, proprio come il suo cantone.",72.9441741950428,27.0558258049571
21,5212,9.59910358565737,771,7261,,,,8032,TRUE,"TI","Ponte Capriasca","Ponte Capriasca","Ponte Capriasca","Ponte Capriasca TI","Ponte Capriasca (TI)","Ponte Capriasca TI","Tessin","Tessin","Ticino",21.0740728536621,FALSE,FALSE,"Nein","non",FALSE,FALSE,FALSE,,"Intro_Nein;KantonPhrase_Nein_Nein","Mit 7'261 Nein zu 771 Ja haben die Stimmbürgerinnen und Stimmbürger von Ponte Capriasca das Freihandelsabkommen mit Indonesien abgelehnt. Das entspricht 90,4 Prozent. Ponte Capriasca hat damit gleich wie der Kanton Tessin Nein gesagt zu dieser Vorlage.","A Ponte Capriasca, les habitants sont défavorables à l'accord de libre-échange avec l'Indonésie avec 90,4 pour cent de non. Ponte Capriasca a rejeté la loi, tout comme son canton.","I cittadini di Ponte Capriasca si sono espressi contro l'accordo di libero scambio con l'Indonesia. Il testo è stato respinto con il 90,4 percento dei voti. Ponte Capriasca ha bocciato l'accordo, proprio come il suo cantone.",90.4008964143426,9.59910358565737
21,5213,20.8271051320379,2508,9534,,,,12042,TRUE,"TI","Ponte Tresa","Ponte Tresa","Ponte Tresa","Ponte Tresa TI","Ponte Tresa (TI)","Ponte Tresa TI","Tessin","Tessin","Ticino",21.0740728536621,FALSE,FALSE,"Nein","non",FALSE,FALSE,FALSE,,"Intro_Nein;KantonPhrase_Nein_Nein","Das Freihandelsabkommen mit Indonesien ist in Ponte Tresa mit 79,2 Prozent abgelehnt worden. Ponte Tresa hat damit gleich wie der Kanton Tessin Nein gesagt zu dieser Vorlage.","C'est non à 79,2 pour cent à l'accord de libre-échange avec l'Indonésie à Ponte Tresa. Ponte Tresa a rejeté la loi, tout comme son canton.","Con il 79,2 percento di ""no"", i cittadini del comune di Ponte Tresa hanno bocciato il partenariato economico globale con l'Indonesia. Ponte Tresa ha bocciato l'accordo, proprio come il suo cantone.",79.1728948679621,20.8271051320379
21,5214,59.6744384418539,8395,5673,,,,14068,TRUE,"TI","Porza","Porza","Porza","Porza TI","Porza (TI)","Porza TI","Tessin","Tessin","Ticino",21.0740728536621,FALSE,FALSE,"Ja","oui",FALSE,FALSE,FALSE,,"Intro_Ja;KantonPhrase_Ja_Nein","Das Freihandelsabkommen mit Indonesien ist in Porza mit 8'395 Ja zu 5'673 Nein angenommen worden. Das entspricht 59,7 Prozent der Stimmen. Porza hat damit anders abgestimmt als der Kanton Tessin, der die Vorlage abgelehnt hat.","A Porza, les habitants sont favorables à l'accord de libre-échange avec l'Indonésie avec 59,7 pour cent de oui. Porza a approuvé la loi, contrairement à son canton.","I cittadini di Porza si sono espressi a favore dell'accordo di libero scambio con l'Indonesia. Il testo è stato approvato con il 59,7 percento dei voti. Porza, al contrario del suo cantone, ha approvato l'accordo.",40.3255615581461,59.6744384418539
21,5216,53.8136968516715,3316,2846,,,,6162,TRUE,"TI","Pura","Pura","Pura","Pura TI","Pura (TI)","Pura TI","Tessin","Tessin","Ticino",21.0740728536621,FALSE,FALSE,"Ja","oui",FALSE,FALSE,FALSE,,"Intro_Ja;KantonPhrase_Ja_Nein","53,8 Prozent der Stimmbürgerinnen und Stimmbürger von Pura haben Ja gesagt zum Freihandelsabkommen mit Indonesien. Pura hat damit anders abgestimmt als der Kanton Tessin, der die Vorlage abgelehnt hat.","C'est oui à 53,8 pour cent à l'accord de libre-échange avec l'Indonésie à Pura. Pura a approuvé la loi, contrairement à son canton.","Con il 53,8 percento di ""sì"", i cittadini del comune di Pura hanno accolto il partenariato economico globale con l'Indonesia. Pura, al contrario del suo cantone, ha approvato l'accordo.",46.1863031483285,53.8136968516715
21,5219,92.2547332185886,6968,585,,,,7553,TRUE,"TI","Rovio","Rovio","Rovio","Rovio TI","Rovio (TI)","Rovio TI","Tessin","Tessin","Ticino",21.0740728536621,FALSE,FALSE,"Ja","oui",FALSE,FALSE,FALSE,,"Intro_Ja;KantonPhrase_Ja_Nein","Das Freihandelsabkommen mit Indonesien ist in Rovio mit 6'968 Ja zu 585 Nein angenommen worden. Das entspricht 92,3 Prozent der Stimmen. Rovio hat damit anders abgestimmt als der Kanton Tessin, der die Vorlage abgelehnt hat.","A Rovio, les habitants sont favorables à l'accord de libre-échange avec l'Indonésie avec 92,3 pour cent de oui. Rovio a approuvé la loi, contrairement à son canton.","I cittadini di Rovio si sono espressi a favore dell'accordo di libero scambio con l'Indonesia. Il testo è stato approvato con il 92,3 percento dei voti. Rovio, al contrario del suo cantone, ha approvato l'accordo.",7.74526678141136,92.2547332185886
21,5221,26.7852668504134,2138,5844,,,,7982,TRUE,"TI","Savosa","Savosa","Savosa","Savosa TI","Savosa (TI)","Savosa TI","Tessin","Tessin","Ticino",21.0740728536621,FALSE,FALSE,"Nein","non",FALSE,FALSE,FALSE,,"Intro_Nein;KantonPhrase_Nein_Nein","Die Gemeinde Savosa ist gegen das Freihandelsabkommen mit Indonesien: Sie hat den Bundesbeschluss mit 73,2 Prozent Nein verworfen. Savosa hat damit gleich wie der Kanton Tessin Nein gesagt zu dieser Vorlage.","Les habitants de Savosa rejettent l'accord de libre-échange avec l'Indonésie avec 73,2 pour cent de non. Savosa a rejeté la loi, tout comme son canton.","Nel comune di Savosa l'accordo di libero scambio con l'Indonesia è stato bocciato con il 73,2 percento dei voti. Savosa ha bocciato l'accordo, proprio come il suo cantone.",73.2147331495866,26.7852668504134
21,5222,52.4579601829779,8142,7379,,,,15521,TRUE,"TI","Sessa","Sessa","Sessa","Sessa TI","Sessa (TI)","Sessa TI","Tessin","Tessin","Ticino",21.0740728536621,FALSE,FALSE,"Ja","oui",FALSE,FALSE,FALSE,,"Intro_Ja;KantonPhrase_Ja_Nein","Das Freihandelsabkommen mit Indonesien ist in Sessa mit 8'142 Ja zu 7'379 Nein angenommen worden. Das entspricht 52,5 Prozent der Stimmen. Sessa hat damit anders abgestimmt als der Kanton Tessin, der die Vorlage abgelehnt hat.","A Sessa, les habitants sont favorables à l'accord de libre-échange avec l'Indonésie avec 52,5 pour cent de oui. Sessa a approuvé la loi, contrairement à son canton.","I cittadini di Sessa si sono espressi a favore dell'accordo di libero scambio con l'Indonesia. Il testo è stato approvato con il 52,5 percento dei voti. Sessa, al contrario del suo cantone, ha approvato l'accordo.",47.5420398170221,52.4579601829779
21,5225,38.8204875646393,3153,4969,,,,8122,TRUE,"TI","Sorengo","Sorengo","Sorengo","Sorengo TI","Sorengo (TI)","Sorengo TI","Tessin","Tessin","Ticino",21.0740728536621,FALSE,FALSE,"Nein","non",FALSE,FALSE,FALSE,,"Intro_Nein;KantonPhrase_Nein_Nein","61,2 Prozent der Stimmbürgerinnen und Stimmbürger von Sorengo haben das Freihandelsabkommen mit Indonesien abgelehnt. Sorengo hat damit gleich wie der Kanton Tessin Nein gesagt zu dieser Vorlage.","Les habitants de Sorengo s'opposent à l'accord de libre-échange avec l'Indonésie avec 61,2 pour cent de non. Sorengo a rejeté la loi, tout comme son canton.","No all'accordo di libero scambio con l'Indonesia nel comune di Sorengo: i cittadini hanno respinto il testo con il 61,2 percento dei voti. Sorengo ha bocciato l'accordo, proprio come il suo cantone.",61.1795124353607,38.8204875646393
21,5226,12.9094181163767,1076,7259,,,,8335,TRUE,"TI","Capriasca","Capriasca","Capriasca","Capriasca TI","Capriasca (TI)","Capriasca TI","Tessin","Tessin","Ticino",21.0740728536621,FALSE,FALSE,"Nein","non",FALSE,FALSE,FALSE,,"Intro_Nein;KantonPhrase_Nein_Nein","Mit 7'259 Nein zu 1'076 Ja haben die Stimmbürgerinnen und Stimmbürger von Capriasca das Freihandelsabkommen mit Indonesien abgelehnt. Das entspricht 87,1 Prozent. Capriasca hat damit gleich wie der Kanton Tessin Nein gesagt zu dieser Vorlage.","A Capriasca, les habitants sont défavorables à l'accord de libre-échange avec l'Indonésie avec 87,1 pour cent de non. Capriasca a rejeté la loi, tout comme son canton.","I cittadini di Capriasca si sono espressi contro l'accordo di libero scambio con l'Indonesia. Il testo è stato respinto con il 87,1 percento dei voti. Capriasca ha bocciato l'accordo, proprio come il suo cantone.",87.0905818836233,12.9094181163767
21,5227,28.5304125903871,2683,6721,,,,9404,TRUE,"TI","Torricella-Taverne","Torricella-Taverne","Torricella-Taverne","Torricella-Taverne TI","Torricella-Taverne (TI)","Torricella-Taverne TI","Tessin","Tessin","Ticino",21.0740728536621,FALSE,FALSE,"Nein","non",FALSE,FALSE,FALSE,,"Intro_Nein;KantonPhrase_Nein_Nein","71,5 Prozent der Stimmbürgerinnen und Stimmbürger von Torricella-Taverne haben das Freihandelsabkommen mit Indonesien abgelehnt. Torricella-Taverne hat damit gleich wie der Kanton Tessin Nein gesagt zu dieser Vorlage.","Les habitants de Torricella-Taverne s'opposent à l'accord de libre-échange avec l'Indonésie avec 71,5 pour cent de non. Torricella-Taverne a rejeté la loi, tout comme son canton.","No all'accordo di libero scambio con l'Indonesia nel comune di Torricella-Taverne: i cittadini hanno respinto il testo con il 71,5 percento dei voti. Torricella-Taverne ha bocciato l'accordo, proprio come il suo cantone.",71.4695874096129,28.5304125903871
21,5230,75.9141331142153,7391,2345,,,,9736,TRUE,"TI","Vernate","Vernate","Vernate","Vernate TI","Vernate (TI)","Vernate TI","Tessin","Tessin","Ticino",21.0740728536621,FALSE,FALSE,"Ja","oui",FALSE,FALSE,FALSE,,"Intro_Ja;KantonPhrase_Ja_Nein","Das Freihandelsabkommen mit Indonesien ist in Vernate mit 7'391 Ja zu 2'345 Nein angenommen worden. Das entspricht 75,9 Prozent der Stimmen. Vernate hat damit anders abgestimmt als der Kanton Tessin, der die Vorlage abgelehnt hat.","A Vernate, les habitants sont favorables à l'accord de libre-échange avec l'Indonésie avec 75,9 pour cent de oui. Vernate a approuvé la loi, contrairement à son canton.","I cittadini di Vernate si sono espressi a favore dell'accordo di libero scambio con l'Indonesia. Il testo è stato approvato con il 75,9 percento dei voti. Vernate, al contrario del suo cantone, ha approvato l'accordo.",24.0858668857847,75.9141331142153
21,5231,28.5946265131385,3874,9674,,,,13548,TRUE,"TI","Vezia","Vezia","Vezia","Vezia TI","Vezia (TI)","Vezia TI","Tessin","Tessin","Ticino",21.0740728536621,FALSE,FALSE,"Nein","non",FALSE,FALSE,FALSE,,"Intro_Nein;KantonPhrase_Nein_Nein","Das Freihandelsabkommen mit Indonesien ist in Vezia mit 71,4 Prozent abgelehnt worden. Vezia hat damit gleich wie der Kanton Tessin Nein gesagt zu dieser Vorlage.","C'est non à 71,4 pour cent à l'accord de libre-échange avec l'Indonésie à Vezia. Vezia a rejeté la loi, tout comme son canton.","Con il 71,4 percento di ""no"", i cittadini del comune di Vezia hanno bocciato il partenariato economico globale con l'Indonesia. Vezia ha bocciato l'accordo, proprio come il suo cantone.",71.4053734868615,28.5946265131385
21,5233,73.3468813506331,9384,3410,,,,12794,TRUE,"TI","Vico Morcote","Vico Morcote","Vico Morcote","Vico Morcote TI","Vico Morcote (TI)","Vico Morcote TI","Tessin","Tessin","Ticino",21.0740728536621,FALSE,FALSE,"Ja","oui",FALSE,FALSE,FALSE,,"Intro_Ja;KantonPhrase_Ja_Nein","73,3 Prozent der Stimmbürgerinnen und Stimmbürger von Vico Morcote haben Ja gesagt zum Freihandelsabkommen mit Indonesien. Vico Morcote hat damit anders abgestimmt als der Kanton Tessin, der die Vorlage abgelehnt hat.","C'est oui à 73,3 pour cent à l'accord de libre-échange avec l'Indonésie à Vico Morcote. Vico Morcote a approuvé la loi, contrairement à son canton.","Con il 73,3 percento di ""sì"", i cittadini del comune di Vico Morcote hanno accolto il partenariato economico globale con l'Indonesia. Vico Morcote, al contrario del suo cantone, ha approvato l'accordo.",26.6531186493669,73.3468813506331
21,5236,46.0429103374904,7790,9129,,,,16919,TRUE,"TI","Collina d'Oro","Collina d'Oro","Collina d'Oro","Collina d'Oro TI","Collina d'Oro (TI)","Collina d'Oro TI","Tessin","Tessin","Ticino",21.0740728536621,FALSE,FALSE,"Nein","non",FALSE,FALSE,FALSE,,"Intro_Nein;KantonPhrase_Nein_Nein","54 Prozent Stimmbürgerinnen und Stimmbürger von Collina d'Oro haben Nein gesagt zum Freihandelsabkommen mit Indonesien. Collina d'Oro hat damit gleich wie der Kanton Tessin Nein gesagt zu dieser Vorlage.","A Collina d'Oro, les habitants disent non à 54 pour cent à l'accord de libre-échange avec l'Indonésie. Collina d'Oro a rejeté la loi, tout comme son canton.","Nel comune di Collina d'Oro l'accordo di libero scambio con l'Indonesia è stato bocciato con il 54 percento dei voti. Collina d'Oro ha bocciato l'accordo, proprio come il suo cantone.",53.9570896625096,46.0429103374904
21,5237,23.9704910812596,2177,6905,,,,9082,TRUE,"TI","Alto Malcantone","Alto Malcantone","Alto Malcantone","Alto Malcantone TI","Alto Malcantone (TI)","Alto Malcantone TI","Tessin","Tessin","Ticino",21.0740728536621,FALSE,FALSE,"Nein","non",FALSE,FALSE,FALSE,,"Intro_Nein;KantonPhrase_Nein_Nein","Mit 6'905 Nein zu 2'177 Ja haben die Stimmbürgerinnen und Stimmbürger von Alto Malcantone das Freihandelsabkommen mit Indonesien abgelehnt. Das entspricht 76 Prozent. Alto Malcantone hat damit gleich wie der Kanton Tessin Nein gesagt zu dieser Vorlage.","A Alto Malcantone, les habitants sont défavorables à l'accord de libre-échange avec l'Indonésie avec 76 pour cent de non. Alto Malcantone a rejeté la loi, tout comme son canton.","I cittadini di Alto Malcantone si sono espressi contro l'accordo di libero scambio con l'Indonesia. Il testo è stato respinto con il 76 percento dei voti. Alto Malcantone ha bocciato l'accordo, proprio come il suo cantone.",76.0295089187404,23.9704910812596
21,5238,57.4193983542425,8513,6313,,,,14826,TRUE,"TI","Monteceneri","Monteceneri","Monteceneri","Monteceneri TI","Monteceneri (TI)","Monteceneri TI","Tessin","Tessin","Ticino",21.0740728536621,FALSE,FALSE,"Ja","oui",FALSE,FALSE,FALSE,,"Intro_Ja;KantonPhrase_Ja_Nein","57,4 Prozent der Stimmbürgerinnen und Stimmbürger von Monteceneri haben für das Freihandelsabkommen mit Indonesien gestimmt. Monteceneri hat damit anders abgestimmt als der Kanton Tessin, der die Vorlage abgelehnt hat.","A Monteceneri, les habitants disent oui à 57,4 pour cent à l'accord de libre-échange avec l'Indonésie. Monteceneri a approuvé la loi, contrairement à son canton.","Nel comune di Monteceneri l'accordo di libero scambio con l'Indonesia è stato approvato con il 57,4 percento dei voti. Monteceneri, al contrario del suo cantone, ha approvato l'accordo.",42.5806016457575,57.4193983542425
21,5242,68.435243139143,7107,3278,,,,10385,TRUE,"TI","Balerna","Balerna","Balerna","Balerna TI","Balerna (TI)","Balerna TI","Tessin","Tessin","Ticino",21.0740728536621,FALSE,FALSE,"Ja","oui",FALSE,FALSE,FALSE,,"Intro_Ja;KantonPhrase_Ja_Nein","68,4 Prozent der Stimmbürgerinnen und Stimmbürger von Balerna haben Ja gesagt zum Freihandelsabkommen mit Indonesien. Balerna hat damit anders abgestimmt als der Kanton Tessin, der die Vorlage abgelehnt hat.","C'est oui à 68,4 pour cent à l'accord de libre-échange avec l'Indonésie à Balerna. Balerna a approuvé la loi, contrairement à son canton.","Con il 68,4 percento di ""sì"", i cittadini del comune di Balerna hanno accolto il partenariato economico globale con l'Indonesia. Balerna, al contrario del suo cantone, ha approvato l'accordo.",31.564756860857,68.435243139143
21,5249,66.8170243724991,9184,4561,,,,13745,TRUE,"TI","Castel San Pietro","Castel San Pietro","Castel San Pietro","Castel San Pietro TI","Castel San Pietro (TI)","Castel San Pietro TI","Tessin","Tessin","Ticino",21.0740728536621,FALSE,FALSE,"Ja","oui",FALSE,FALSE,FALSE,,"Intro_Ja;KantonPhrase_Ja_Nein","Ja zum Freihandelsabkommen mit Indonesien: Castel San Pietro hat den Bundesbeschluss mit 66,8 Prozent der Stimmen angenommen. Castel San Pietro hat damit anders abgestimmt als der Kanton Tessin, der die Vorlage abgelehnt hat.","Les électeurs de Castel San Pietro valident l'accord de libre-échange avec l'Indonésie avec 66,8 pour cent de oui. Castel San Pietro a approuvé la loi, contrairement à son canton.","A Castel San Pietro i cittadini hanno accolto, con il 66,8 percento dei voti, l'accordo di libero scambio con l'Indonesia. Castel San Pietro, al contrario del suo cantone, ha approvato l'accordo.",33.1829756275009,66.8170243724991
21,5250,58.7790223277205,7924,5557,,,,13481,TRUE,"TI","Chiasso","Chiasso","Chiasso","Chiasso TI","Chiasso (TI)","Chiasso TI","Tessin","Tessin","Ticino",21.0740728536621,FALSE,FALSE,"Ja","oui",FALSE,FALSE,FALSE,,"Intro_Ja;KantonPhrase_Ja_Nein","Mit 58,8 Prozent Ja hat sich Chiasso für das Freihandelsabkommen mit Indonesien ausgesprochen. Chiasso hat damit anders abgestimmt als der Kanton Tessin, der die Vorlage abgelehnt hat.","Les habitants de Chiasso approuvent l'accord de libre-échange avec l'Indonésie avec 58,8 pour cent de oui. Chiasso a approuvé la loi, contrairement à son canton.","Sì all'accordo di libero scambio con l'Indonesia nel comune di Chiasso: i cittadini hanno approvato il testo con il 58,8 percento dei voti. Chiasso, al contrario del suo cantone, ha approvato l'accordo.",41.2209776722795,58.7790223277205
21,5251,63.4520020723855,8573,4938,,,,13511,TRUE,"TI","Coldrerio","Coldrerio","Coldrerio","Coldrerio TI","Coldrerio (TI)","Coldrerio TI","Tessin","Tessin","Ticino",21.0740728536621,FALSE,FALSE,"Ja","oui",FALSE,FALSE,FALSE,,"Intro_Ja;KantonPhrase_Ja_Nein","63,5 Prozent der Stimmbürgerinnen und Stimmbürger von Coldrerio haben Ja gesagt zum Freihandelsabkommen mit Indonesien. Coldrerio hat damit anders abgestimmt als der Kanton Tessin, der die Vorlage abgelehnt hat.","C'est oui à 63,5 pour cent à l'accord de libre-échange avec l'Indonésie à Coldrerio. Coldrerio a approuvé la loi, contrairement à son canton.","Con il 63,5 percento di ""sì"", i cittadini del comune di Coldrerio hanno accolto il partenariato economico globale con l'Indonesia. Coldrerio, al contrario del suo cantone, ha approvato l'accordo.",36.5479979276145,63.4520020723855
21,5254,55.1584559186494,5587,4542,,,,10129,TRUE,"TI","Mendrisio","Mendrisio","Mendrisio","Mendrisio TI","Mendrisio (TI)","Mendrisio TI","Tessin","Tessin","Ticino",21.0740728536621,FALSE,FALSE,"Ja","oui",FALSE,FALSE,FALSE,,"Intro_Ja;KantonPhrase_Ja_Nein","Mit 55,2 Prozent Ja hat sich Mendrisio für das Freihandelsabkommen mit Indonesien ausgesprochen. Mendrisio hat damit anders abgestimmt als der Kanton Tessin, der die Vorlage abgelehnt hat.","Les habitants de Mendrisio approuvent l'accord de libre-échange avec l'Indonésie avec 55,2 pour cent de oui. Mendrisio a approuvé la loi, contrairement à son canton.","Sì all'accordo di libero scambio con l'Indonesia nel comune di Mendrisio: i cittadini hanno approvato il testo con il 55,2 percento dei voti. Mendrisio, al contrario del suo cantone, ha approvato l'accordo.",44.8415440813506,55.1584559186494
21,5257,79.2456109855727,9118,2388,,,,11506,TRUE,"TI","Morbio Inferiore","Morbio Inferiore","Morbio Inferiore","Morbio Inferiore TI","Morbio Inferiore (TI)","Morbio Inferiore TI","Tessin","Tessin","Ticino",21.0740728536621,FALSE,FALSE,"Ja","oui",FALSE,FALSE,FALSE,,"Intro_Ja;KantonPhrase_Ja_Nein","79,2 Prozent der Stimmbürgerinnen und Stimmbürger von Morbio Inferiore haben Ja gesagt zum Freihandelsabkommen mit Indonesien. Morbio Inferiore hat damit anders abgestimmt als der Kanton Tessin, der die Vorlage abgelehnt hat.","C'est oui à 79,2 pour cent à l'accord de libre-échange avec l'Indonésie à Morbio Inferiore. Morbio Inferiore a approuvé la loi, contrairement à son canton.","Con il 79,2 percento di ""sì"", i cittadini del comune di Morbio Inferiore hanno accolto il partenariato economico globale con l'Indonesia. Morbio Inferiore, al contrario del suo cantone, ha approvato l'accordo.",20.7543890144273,79.2456109855727
21,5260,59.6652086137281,7093,4795,,,,11888,TRUE,"TI","Novazzano","Novazzano","Novazzano","Novazzano TI","Novazzano (TI)","Novazzano TI","Tessin","Tessin","Ticino",21.0740728536621,FALSE,FALSE,"Ja","oui",FALSE,FALSE,FALSE,,"Intro_Ja;KantonPhrase_Ja_Nein","59,7 Prozent der Stimmbürgerinnen und Stimmbürger von Novazzano haben Ja gesagt zum Freihandelsabkommen mit Indonesien. Novazzano hat damit anders abgestimmt als der Kanton Tessin, der die Vorlage abgelehnt hat.","C'est oui à 59,7 pour cent à l'accord de libre-échange avec l'Indonésie à Novazzano. Novazzano a approuvé la loi, contrairement à son canton.","Con il 59,7 percento di ""sì"", i cittadini del comune di Novazzano hanno accolto il partenariato economico globale con l'Indonesia. Novazzano, al contrario del suo cantone, ha approvato l'accordo.",40.3347913862719,59.6652086137281
21,5263,39.7328751073967,5087,7716,,,,12803,TRUE,"TI","Riva San Vitale","Riva San Vitale","Riva San Vitale","Riva San Vitale TI","Riva San Vitale (TI)","Riva San Vitale TI","Tessin","Tessin","Ticino",21.0740728536621,FALSE,FALSE,"Nein","non",FALSE,FALSE,FALSE,,"Intro_Nein;KantonPhrase_Nein_Nein","Nein zum Freihandelsabkommen mit Indonesien: Riva San Vitale hat den Bundesbeschluss mit 60,3 Prozent Nein-Stimmen verworfen. Riva San Vitale hat damit gleich wie der Kanton Tessin Nein gesagt zu dieser Vorlage.","L'accord de libre-échange avec l'Indonésie ne passe pas la rampe à Riva San Vitale avec 60,3 pour cent de non. Riva San Vitale a rejeté la loi, tout comme son canton.","Da Riva San Vitale è arrivato un ""no"" alle urne per il partenariato economico globale con l'Indonesia. I cittadini hanno respinto il testo con il 60,3 percento dei voti. Riva San Vitale ha bocciato l'accordo, proprio come il suo cantone.",60.2671248926033,39.7328751073967
21,5266,58.9451419213974,8639,6017,,,,14656,TRUE,"TI","Stabio","Stabio","Stabio","Stabio TI","Stabio (TI)","Stabio TI","Tessin","Tessin","Ticino",21.0740728536621,FALSE,FALSE,"Ja","oui",FALSE,FALSE,FALSE,,"Intro_Ja;KantonPhrase_Ja_Nein","Ja zum Freihandelsabkommen mit Indonesien: Stabio hat den Bundesbeschluss mit 58,9 Prozent der Stimmen angenommen. Stabio hat damit anders abgestimmt als der Kanton Tessin, der die Vorlage abgelehnt hat.","Les électeurs de Stabio valident l'accord de libre-échange avec l'Indonésie avec 58,9 pour cent de oui. Stabio a approuvé la loi, contrairement à son canton.","A Stabio i cittadini hanno accolto, con il 58,9 percento dei voti, l'accordo di libero scambio con l'Indonesia. Stabio, al contrario del suo cantone, ha approvato l'accordo.",41.0548580786026,58.9451419213974
21,5268,54.2225201072386,809,683,,,,1492,TRUE,"TI","Vacallo","Vacallo","Vacallo","Vacallo TI","Vacallo (TI)","Vacallo TI","Tessin","Tessin","Ticino",21.0740728536621,FALSE,FALSE,"Ja","oui",FALSE,FALSE,FALSE,,"Intro_Ja;KantonPhrase_Ja_Nein","Ja zum Freihandelsabkommen mit Indonesien: Vacallo hat den Bundesbeschluss mit 54,2 Prozent der Stimmen angenommen. Vacallo hat damit anders abgestimmt als der Kanton Tessin, der die Vorlage abgelehnt hat.","Les électeurs de Vacallo valident l'accord de libre-échange avec l'Indonésie avec 54,2 pour cent de oui. Vacallo a approuvé la loi, contrairement à son canton.","A Vacallo i cittadini hanno accolto, con il 54,2 percento dei voti, l'accordo di libero scambio con l'Indonesia. Vacallo, al contrario del suo cantone, ha approvato l'accordo.",45.7774798927614,54.2225201072386
21,5269,26.0364719017492,3498,9937,,,,13435,TRUE,"TI","Breggia","Breggia","Breggia","Breggia TI","Breggia (TI)","Breggia TI","Tessin","Tessin","Ticino",21.0740728536621,FALSE,FALSE,"Nein","non",FALSE,FALSE,FALSE,,"Intro_Nein;KantonPhrase_Nein_Nein","74 Prozent der Stimmbürgerinnen und Stimmbürger von Breggia haben das Freihandelsabkommen mit Indonesien abgelehnt. Breggia hat damit gleich wie der Kanton Tessin Nein gesagt zu dieser Vorlage.","Les habitants de Breggia s'opposent à l'accord de libre-échange avec l'Indonésie avec 74 pour cent de non. Breggia a rejeté la loi, tout comme son canton.","No all'accordo di libero scambio con l'Indonesia nel comune di Breggia: i cittadini hanno respinto il testo con il 74 percento dei voti. Breggia ha bocciato l'accordo, proprio come il suo cantone.",73.9635280982508,26.0364719017492
21,5281,46.0635696821516,3768,4412,,,,8180,TRUE,"TI","Biasca","Biasca","Biasca","Biasca TI","Biasca (TI)","Biasca TI","Tessin","Tessin","Ticino",21.0740728536621,FALSE,FALSE,"Nein","non",FALSE,FALSE,FALSE,,"Intro_Nein;KantonPhrase_Nein_Nein","In Biasca das Freihandelsabkommen mit Indonesien keine Mehrheit gefunden: 53,9 Prozent haben es abgelehnt. Biasca hat damit gleich wie der Kanton Tessin Nein gesagt zu dieser Vorlage.","L'accord de libre-échange avec l'Indonésie échoue à Biasca avec 53,9 pour cent de non. Biasca a rejeté la loi, tout comme son canton.","A Biasca i cittadini hanno bocciato, con il 53,9 percento dei voti, l'accordo di libero scambio con l'Indonesia. Biasca ha bocciato l'accordo, proprio come il suo cantone.",53.9364303178484,46.0635696821516
21,5287,4.02856619666728,220,5241,,,,5461,TRUE,"TI","Riviera","Riviera","Riviera","Riviera TI","Riviera (TI)","Riviera TI","Tessin","Tessin","Ticino",21.0740728536621,FALSE,TRUE,"Nein","non",FALSE,FALSE,FALSE,,"Intro_Nein;KantonPhrase_Highest_No_Kant","Die Gemeinde Riviera ist gegen das Freihandelsabkommen mit Indonesien: Sie hat den Bundesbeschluss mit 96 Prozent Nein verworfen. Riviera hat damit bei dieser Vorlage den höchsten Nein-Anteil im Kanton Tessin.","Les habitants de Riviera rejettent l'accord de libre-échange avec l'Indonésie avec 96 pour cent de non. Le plus fort pourcentage de non du canton du Tessin a été obtenu à Riviera.","Nel comune di Riviera l'accordo di libero scambio con l'Indonesia è stato bocciato con il 96 percento dei voti. La più alta percentuale di ""no"" nel canton Ticino è stata ottenuta a Riviera.",95.9714338033327,4.02856619666728
21,5304,45.4419707548413,6899,8283,,,,15182,TRUE,"TI","Bosco/Gurin","Bosco/Gurin","Bosco/Gurin","Bosco/Gurin TI","Bosco/Gurin (TI)","Bosco/Gurin TI","Tessin","Tessin","Ticino",21.0740728536621,FALSE,FALSE,"Nein","non",FALSE,FALSE,FALSE,,"Intro_Nein;KantonPhrase_Nein_Nein","Die Gemeinde Bosco/Gurin ist gegen das Freihandelsabkommen mit Indonesien: Sie hat den Bundesbeschluss mit 54,6 Prozent Nein verworfen. Bosco/Gurin hat damit gleich wie der Kanton Tessin Nein gesagt zu dieser Vorlage.","Les habitants de Bosco/Gurin rejettent l'accord de libre-échange avec l'Indonésie avec 54,6 pour cent de non. Bosco/Gurin a rejeté la loi, tout comme son canton.","Nel comune di Bosco/Gurin l'accordo di libero scambio con l'Indonesia è stato bocciato con il 54,6 percento dei voti. Bosco/Gurin ha bocciato l'accordo, proprio come il suo cantone.",54.5580292451587,45.4419707548413
21,5307,47.8265869365225,8318,9074,,,,17392,TRUE,"TI","Campo (Vallemaggia)","Campo (Vallemaggia)","Campo (Vallemaggia)","Campo (Vallemaggia) TI","Campo (Vallemaggia) (TI)","Campo (Vallemaggia) TI","Tessin","Tessin","Ticino",21.0740728536621,FALSE,FALSE,"Nein","non",FALSE,FALSE,FALSE,,"Intro_Nein;KantonPhrase_Nein_Nein","Nein zum Freihandelsabkommen mit Indonesien: Campo (Vallemaggia) hat den Bundesbeschluss mit 52,2 Prozent Nein-Stimmen verworfen. Campo (Vallemaggia) hat damit gleich wie der Kanton Tessin Nein gesagt zu dieser Vorlage.","L'accord de libre-échange avec l'Indonésie ne passe pas la rampe à Campo (Vallemaggia) avec 52,2 pour cent de non. Campo (Vallemaggia) a rejeté la loi, tout comme son canton.","Da Campo (Vallemaggia) è arrivato un ""no"" alle urne per il partenariato economico globale con l'Indonesia. I cittadini hanno respinto il testo con il 52,2 percento dei voti. Campo (Vallemaggia) ha bocciato l'accordo, proprio come il suo cantone.",52.1734130634775,47.8265869365225
21,5309,60.5033881897386,4375,2856,,,,7231,TRUE,"TI","Cerentino","Cerentino","Cerentino","Cerentino TI","Cerentino (TI)","Cerentino TI","Tessin","Tessin","Ticino",21.0740728536621,FALSE,FALSE,"Ja","oui",FALSE,FALSE,FALSE,,"Intro_Ja;KantonPhrase_Ja_Nein","60,5 Prozent der Stimmbürgerinnen und Stimmbürger von Cerentino haben für das Freihandelsabkommen mit Indonesien gestimmt. Cerentino hat damit anders abgestimmt als der Kanton Tessin, der die Vorlage abgelehnt hat.","A Cerentino, les habitants disent oui à 60,5 pour cent à l'accord de libre-échange avec l'Indonésie. Cerentino a approuvé la loi, contrairement à son canton.","Nel comune di Cerentino l'accordo di libero scambio con l'Indonesia è stato approvato con il 60,5 percento dei voti. Cerentino, al contrario del suo cantone, ha approvato l'accordo.",39.4966118102614,60.5033881897386
21,5310,18.6081441922563,1115,4877,,,,5992,TRUE,"TI","Cevio","Cevio","Cevio","Cevio TI","Cevio (TI)","Cevio TI","Tessin","Tessin","Ticino",21.0740728536621,FALSE,FALSE,"Nein","non",FALSE,FALSE,FALSE,,"Intro_Nein;KantonPhrase_Nein_Nein","Das Freihandelsabkommen mit Indonesien ist in Cevio mit 81,4 Prozent abgelehnt worden. Cevio hat damit gleich wie der Kanton Tessin Nein gesagt zu dieser Vorlage.","C'est non à 81,4 pour cent à l'accord de libre-échange avec l'Indonésie à Cevio. Cevio a rejeté la loi, tout comme son canton.","Con il 81,4 percento di ""no"", i cittadini del comune di Cevio hanno bocciato il partenariato economico globale con l'Indonesia. Cevio ha bocciato l'accordo, proprio come il suo cantone.",81.3918558077437,18.6081441922563
21,5315,82.0068359375,3359,737,,,,4096,TRUE,"TI","Linescio","Linescio","Linescio","Linescio TI","Linescio (TI)","Linescio TI","Tessin","Tessin","Ticino",21.0740728536621,FALSE,FALSE,"Ja","oui",FALSE,FALSE,FALSE,,"Intro_Ja;KantonPhrase_Ja_Nein","82 Prozent der Stimmbürgerinnen und Stimmbürger von Linescio haben für das Freihandelsabkommen mit Indonesien gestimmt. Linescio hat damit anders abgestimmt als der Kanton Tessin, der die Vorlage abgelehnt hat.","A Linescio, les habitants disent oui à 82 pour cent à l'accord de libre-échange avec l'Indonésie. Linescio a approuvé la loi, contrairement à son canton.","Nel comune di Linescio l'accordo di libero scambio con l'Indonesia è stato approvato con il 82 percento dei voti. Linescio, al contrario del suo cantone, ha approvato l'accordo.",17.9931640625,82.0068359375
21,5317,29.458041958042,4044,9684,,,,13728,TRUE,"TI","Maggia","Maggia","Maggia","Maggia TI","Maggia (TI)","Maggia TI","Tessin","Tessin","Ticino",21.0740728536621,FALSE,FALSE,"Nein","non",FALSE,FALSE,FALSE,,"Intro_Nein;KantonPhrase_Nein_Nein","Das Freihandelsabkommen mit Indonesien ist in Maggia mit 70,5 Prozent abgelehnt worden. Maggia hat damit gleich wie der Kanton Tessin Nein gesagt zu dieser Vorlage.","C'est non à 70,5 pour cent à l'accord de libre-échange avec l'Indonésie à Maggia. Maggia a rejeté la loi, tout comme son canton.","Con il 70,5 percento di ""no"", i cittadini del comune di Maggia hanno bocciato il partenariato economico globale con l'Indonesia. Maggia ha bocciato l'accordo, proprio come il suo cantone.",70.541958041958,29.458041958042
21,5323,96.593347639485,7202,254,,,,7456,TRUE,"TI","Lavizzara","Lavizzara","Lavizzara","Lavizzara TI","Lavizzara (TI)","Lavizzara TI","Tessin","Tessin","Ticino",21.0740728536621,FALSE,FALSE,"Ja","oui",FALSE,FALSE,FALSE,,"Intro_Ja;KantonPhrase_Ja_Nein","Das Freihandelsabkommen mit Indonesien ist in Lavizzara mit 7'202 Ja zu 254 Nein angenommen worden. Das entspricht 96,6 Prozent der Stimmen. Lavizzara hat damit anders abgestimmt als der Kanton Tessin, der die Vorlage abgelehnt hat.","A Lavizzara, les habitants sont favorables à l'accord de libre-échange avec l'Indonésie avec 96,6 pour cent de oui. Lavizzara a approuvé la loi, contrairement à son canton.","I cittadini di Lavizzara si sono espressi a favore dell'accordo di libero scambio con l'Indonesia. Il testo è stato approvato con il 96,6 percento dei voti. Lavizzara, al contrario del suo cantone, ha approvato l'accordo.",3.40665236051503,96.593347639485
21,5324,59.7920043219881,8854,5954,,,,14808,TRUE,"TI","Avegno Gordevio","Avegno Gordevio","Avegno Gordevio","Avegno Gordevio TI","Avegno Gordevio (TI)","Avegno Gordevio TI","Tessin","Tessin","Ticino",21.0740728536621,FALSE,FALSE,"Ja","oui",FALSE,FALSE,FALSE,,"Intro_Ja;KantonPhrase_Ja_Nein","Mit 59,8 Prozent Ja hat sich Avegno Gordevio für das Freihandelsabkommen mit Indonesien ausgesprochen. Avegno Gordevio hat damit anders abgestimmt als der Kanton Tessin, der die Vorlage abgelehnt hat.","Les habitants d'Avegno Gordevio approuvent l'accord de libre-échange avec l'Indonésie avec 59,8 pour cent de oui. Avegno Gordevio a approuvé la loi, contrairement à son canton.","Sì all'accordo di libero scambio con l'Indonesia nel comune di Avegno Gordevio: i cittadini hanno approvato il testo con il 59,8 percento dei voti. Avegno Gordevio, al contrario del suo cantone, ha approvato l'accordo.",40.2079956780119,59.7920043219881
21,5396,66.3475808845355,8941,4535,,,,13476,TRUE,"TI","Terre di Pedemonte","Terre di Pedemonte","Terre di Pedemonte","Terre di Pedemonte TI","Terre di Pedemonte (TI)","Terre di Pedemonte TI","Tessin","Tessin","Ticino",21.0740728536621,FALSE,FALSE,"Ja","oui",FALSE,FALSE,FALSE,,"Intro_Ja;KantonPhrase_Ja_Nein","Mit 66,3 Prozent Ja hat sich Terre di Pedemonte für das Freihandelsabkommen mit Indonesien ausgesprochen. Terre di Pedemonte hat damit anders abgestimmt als der Kanton Tessin, der die Vorlage abgelehnt hat.","Les habitants de Terre di Pedemonte approuvent l'accord de libre-échange avec l'Indonésie avec 66,3 pour cent de oui. Terre di Pedemonte a approuvé la loi, contrairement à son canton.","Sì all'accordo di libero scambio con l'Indonesia nel comune di Terre di Pedemonte: i cittadini hanno approvato il testo con il 66,3 percento dei voti. Terre di Pedemonte, al contrario del suo cantone, ha approvato l'accordo.",33.6524191154645,66.3475808845355
21,5397,51.2029507921871,6108,5821,,,,11929,TRUE,"TI","Centovalli","Centovalli","Centovalli","Centovalli TI","Centovalli (TI)","Centovalli TI","Tessin","Tessin","Ticino",21.0740728536621,FALSE,FALSE,"Ja","oui",FALSE,FALSE,FALSE,,"Intro_Ja;KantonPhrase_Ja_Nein","Das Freihandelsabkommen mit Indonesien ist in Centovalli mit 6'108 Ja zu 5'821 Nein angenommen worden. Das entspricht 51,2 Prozent der Stimmen. Centovalli hat damit anders abgestimmt als der Kanton Tessin, der die Vorlage abgelehnt hat.","A Centovalli, les habitants sont favorables à l'accord de libre-échange avec l'Indonésie avec 51,2 pour cent de oui. Centovalli a approuvé la loi, contrairement à son canton.","I cittadini di Centovalli si sono espressi a favore dell'accordo di libero scambio con l'Indonesia. Il testo è stato approvato con il 51,2 percento dei voti. Centovalli, al contrario del suo cantone, ha approvato l'accordo.",48.7970492078129,51.2029507921871
21,5398,42.3140495867769,5632,7678,,,,13310,TRUE,"TI","Gambarogno","Gambarogno","Gambarogno","Gambarogno TI","Gambarogno (TI)","Gambarogno TI","Tessin","Tessin","Ticino",21.0740728536621,FALSE,FALSE,"Nein","non",FALSE,FALSE,FALSE,,"Intro_Nein;KantonPhrase_Nein_Nein","57,7 Prozent der Stimmbürgerinnen und Stimmbürger von Gambarogno haben das Freihandelsabkommen mit Indonesien abgelehnt. Gambarogno hat damit gleich wie der Kanton Tessin Nein gesagt zu dieser Vorlage.","Les habitants de Gambarogno s'opposent à l'accord de libre-échange avec l'Indonésie avec 57,7 pour cent de non. Gambarogno a rejeté la loi, tout comme son canton.","No all'accordo di libero scambio con l'Indonesia nel comune di Gambarogno: i cittadini hanno respinto il testo con il 57,7 percento dei voti. Gambarogno ha bocciato l'accordo, proprio come il suo cantone.",57.6859504132231,42.3140495867769
21,5399,9.35614677084363,946,9165,,,,10111,TRUE,"TI","Verzasca","Verzasca","Verzasca","Verzasca TI","Verzasca (TI)","Verzasca TI","Tessin","Tessin","Ticino",21.0740728536621,FALSE,FALSE,"Nein","non",FALSE,FALSE,FALSE,,"Intro_Nein;KantonPhrase_Nein_Nein","Das Freihandelsabkommen mit Indonesien ist in Verzasca mit 90,6 Prozent abgelehnt worden. Verzasca hat damit gleich wie der Kanton Tessin Nein gesagt zu dieser Vorlage.","C'est non à 90,6 pour cent à l'accord de libre-échange avec l'Indonésie à Verzasca. Verzasca a rejeté la loi, tout comme son canton.","Con il 90,6 percento di ""no"", i cittadini del comune di Verzasca hanno bocciato il partenariato economico globale con l'Indonesia. Verzasca ha bocciato l'accordo, proprio come il suo cantone.",90.6438532291564,9.35614677084363
